Invoice_ID,Date,Customer_ID,Product_ID,Quantity,Unit_Price,Discount,Payment_Method,Salesperson/Counter,Total_Sales
INV1001,2026-01-01,CUST002,PROD009,4,115.0,0.0,UPI,Counter_2,460.0
INV1002,2026-01-01,CUST010,PROD001,2,56.0,11.2,Credit Card,Counter_3,100.8
INV1003,2026-01-01,CUST008,PROD004,2,25.0,0.0,UPI,Counter_1,50.0
INV1004,2026-01-01,CUST009,PROD002,3,260.0,0.0,Debit Card,Counter_3,780.0
INV1005,2026-01-01,CUST001,PROD003,4,510.0,102.0,UPI,Counter_1,1938.0
INV1006,2026-01-01,CUST003,PROD004,3,25.0,0.0,Debit Card,Counter_3,75.0
INV1007,2026-01-01,CUST015,PROD005,3,160.0,48.0,Credit Card,Counter_1,432.0
INV1008,2026-01-02,CUST014,PROD006,3,150.0,22.5,Debit Card,Counter_2,427.5
INV1009,2026-01-02,CUST010,PROD001,3,56.0,16.8,Cash,Counter_1,151.2
INV1010,2026-01-02,CUST007,PROD002,3,260.0,39.0,UPI,Counter_3,741.0
INV1011,2026-01-02,CUST009,PROD010,1,250.0,0.0,Cash,Counter_2,250.0
INV1012,2026-01-02,CUST007,PROD004,2,25.0,5.0,UPI,Counter_1,45.0
INV1013,2026-01-02,CUST001,PROD010,3,250.0,75.0,UPI,Counter_3,675.0
INV1014,2026-01-03,CUST015,PROD010,4,250.0,50.0,UPI,Counter_1,950.0
INV1015,2026-01-03,CUST003,PROD001,1,56.0,0.0,UPI,Counter_3,56.0
INV1016,2026-01-03,CUST002,PROD007,2,40.0,0.0,UPI,Counter_2,80.0
INV1017,2026-01-04,CUST004,PROD009,1,115.0,0.0,UPI,Counter_3,115.0
INV1018,2026-01-04,CUST004,PROD009,4,115.0,0.0,UPI,Counter_2,460.0
INV1019,2026-01-04,CUST009,PROD010,4,250.0,0.0,UPI,Counter_1,1000.0
INV1020,2026-01-05,CUST001,PROD006,4,150.0,30.0,UPI,Counter_3,570.0
INV1021,2026-01-05,CUST006,PROD004,2,25.0,0.0,Credit Card,Counter_1,50.0
INV1022,2026-01-05,CUST005,PROD008,2,240.0,0.0,Cash,Counter_1,480.0
INV1023,2026-01-05,CUST005,PROD002,1,260.0,26.0,Cash,Counter_3,234.0
INV1024,2026-01-05,CUST002,PROD001,3,56.0,0.0,UPI,Counter_2,168.0
INV1025,2026-01-05,CUST002,PROD004,2,25.0,2.5,UPI,Counter_2,47.5
INV1026,2026-01-06,CUST008,PROD006,2,150.0,30.0,Cash,Counter_3,270.0
INV1027,2026-01-06,CUST012,PROD005,2,160.0,0.0,Cash,Counter_2,320.0
INV1028,2026-01-06,CUST006,PROD008,4,240.0,0.0,UPI,Counter_1,960.0
INV1029,2026-01-07,CUST006,PROD001,3,56.0,0.0,UPI,Counter_3,168.0
INV1030,2026-01-07,CUST012,PROD004,1,25.0,2.5,UPI,Counter_2,22.5
INV1031,2026-01-07,CUST010,PROD009,1,115.0,11.5,Credit Card,Counter_3,103.5
INV1032,2026-01-07,CUST005,PROD005,1,160.0,0.0,UPI,Counter_3,160.0
INV1033,2026-01-07,CUST001,PROD008,2,240.0,0.0,UPI,Counter_2,480.0
INV1034,2026-01-07,CUST006,PROD001,1,56.0,5.6,Debit Card,Counter_3,50.4
INV1035,2026-01-08,CUST001,PROD007,3,40.0,6.0,Cash,Counter_3,114.0
INV1036,2026-01-08,CUST001,PROD006,2,150.0,0.0,UPI,Counter_3,300.0
INV1037,2026-01-08,CUST007,PROD003,1,510.0,25.5,UPI,Counter_1,484.5
INV1038,2026-01-08,CUST002,PROD003,1,510.0,51.0,Cash,Counter_1,459.0
INV1039,2026-01-09,CUST004,PROD010,1,250.0,12.5,Debit Card,Counter_1,237.5
INV1040,2026-01-09,CUST014,PROD002,4,260.0,104.0,Cash,Counter_3,936.0
INV1041,2026-01-09,CUST012,PROD001,1,56.0,0.0,UPI,Counter_1,56.0
INV1042,2026-01-09,CUST004,PROD009,3,115.0,0.0,Credit Card,Counter_1,345.0
INV1043,2026-01-09,CUST003,PROD008,2,240.0,24.0,UPI,Counter_2,456.0
INV1044,2026-01-10,CUST002,PROD009,2,115.0,23.0,UPI,Counter_3,207.0
INV1045,2026-01-10,CUST009,PROD008,3,240.0,0.0,Cash,Counter_3,720.0
INV1046,2026-01-10,CUST014,PROD007,1,40.0,2.0,Debit Card,Counter_1,38.0
INV1047,2026-01-11,CUST014,PROD007,1,40.0,4.0,Credit Card,Counter_3,36.0
INV1048,2026-01-11,CUST005,PROD001,1,56.0,0.0,UPI,Counter_1,56.0
INV1049,2026-01-11,CUST014,PROD009,4,115.0,46.0,UPI,Counter_1,414.0
INV1050,2026-01-11,CUST008,PROD005,4,160.0,64.0,Credit Card,Counter_3,576.0
INV1051,2026-01-11,CUST001,PROD002,2,260.0,26.0,Cash,Counter_2,494.0
INV1052,2026-01-11,CUST003,PROD010,3,250.0,75.0,UPI,Counter_1,675.0
INV1053,2026-01-12,CUST015,PROD008,1,240.0,0.0,UPI,Counter_3,240.0
INV1054,2026-01-12,CUST001,PROD009,3,115.0,0.0,Credit Card,Counter_1,345.0
INV1055,2026-01-12,CUST005,PROD004,1,25.0,0.0,UPI,Counter_1,25.0
INV1056,2026-01-12,CUST001,PROD001,3,56.0,8.4,UPI,Counter_1,159.6
INV1057,2026-01-13,CUST012,PROD003,3,510.0,76.5,UPI,Counter_2,1453.5
INV1058,2026-01-13,CUST006,PROD001,1,56.0,0.0,Credit Card,Counter_3,56.0
INV1059,2026-01-13,CUST012,PROD009,1,115.0,11.5,UPI,Counter_1,103.5
INV1060,2026-01-13,CUST002,PROD008,3,240.0,0.0,Credit Card,Counter_3,720.0
INV1061,2026-01-13,CUST011,PROD002,1,260.0,26.0,UPI,Counter_2,234.0
INV1062,2026-01-13,CUST003,PROD010,2,250.0,0.0,Credit Card,Counter_2,500.0
INV1063,2026-01-13,CUST014,PROD008,3,240.0,0.0,Debit Card,Counter_2,720.0
INV1064,2026-01-13,CUST011,PROD002,3,260.0,78.0,Credit Card,Counter_2,702.0
INV1065,2026-01-14,CUST007,PROD007,3,40.0,6.0,Cash,Counter_3,114.0
INV1066,2026-01-14,CUST015,PROD007,1,40.0,0.0,UPI,Counter_2,40.0
INV1067,2026-01-14,CUST014,PROD008,1,240.0,0.0,UPI,Counter_3,240.0
INV1068,2026-01-14,CUST006,PROD006,2,150.0,30.0,Credit Card,Counter_2,270.0
INV1069,2026-01-14,CUST011,PROD003,2,510.0,51.0,Credit Card,Counter_2,969.0
INV1070,2026-01-14,CUST011,PROD004,4,25.0,5.0,Cash,Counter_3,95.0
INV1071,2026-01-15,CUST015,PROD005,3,160.0,24.0,Credit Card,Counter_3,456.0
INV1072,2026-01-15,CUST013,PROD010,1,250.0,25.0,UPI,Counter_2,225.0
INV1073,2026-01-15,CUST014,PROD002,2,260.0,0.0,Credit Card,Counter_1,520.0
INV1074,2026-01-15,CUST007,PROD007,1,40.0,0.0,Credit Card,Counter_2,40.0
INV1075,2026-01-15,CUST007,PROD010,4,250.0,50.0,Cash,Counter_3,950.0
INV1076,2026-01-15,CUST003,PROD002,1,260.0,0.0,Debit Card,Counter_3,260.0
INV1077,2026-01-16,CUST005,PROD008,1,240.0,0.0,Cash,Counter_3,240.0
INV1078,2026-01-16,CUST008,PROD002,3,260.0,0.0,Credit Card,Counter_3,780.0
INV1079,2026-01-16,CUST007,PROD005,1,160.0,0.0,Credit Card,Counter_3,160.0
INV1080,2026-01-16,CUST011,PROD002,2,260.0,52.0,Credit Card,Counter_2,468.0
INV1081,2026-01-16,CUST005,PROD002,4,260.0,0.0,Credit Card,Counter_1,1040.0
INV1082,2026-01-16,CUST002,PROD007,3,40.0,0.0,Cash,Counter_2,120.0
INV1083,2026-01-16,CUST006,PROD005,4,160.0,0.0,UPI,Counter_1,640.0
INV1084,2026-01-17,CUST011,PROD007,1,40.0,0.0,UPI,Counter_2,40.0
INV1085,2026-01-17,CUST008,PROD004,4,25.0,0.0,Cash,Counter_1,100.0
INV1086,2026-01-17,CUST015,PROD008,4,240.0,0.0,UPI,Counter_1,960.0
INV1087,2026-01-17,CUST003,PROD010,2,250.0,25.0,Credit Card,Counter_3,475.0
INV1088,2026-01-17,CUST011,PROD002,1,260.0,13.0,UPI,Counter_2,247.0
INV1089,2026-01-17,CUST012,PROD003,2,510.0,0.0,UPI,Counter_1,1020.0
INV1090,2026-01-18,CUST007,PROD002,2,260.0,52.0,Credit Card,Counter_2,468.0
INV1091,2026-01-18,CUST001,PROD005,3,160.0,24.0,UPI,Counter_1,456.0
INV1092,2026-01-18,CUST007,PROD001,1,56.0,2.8,Cash,Counter_2,53.2
INV1093,2026-01-19,CUST008,PROD006,3,150.0,0.0,UPI,Counter_1,450.0
INV1094,2026-01-19,CUST012,PROD005,1,160.0,0.0,UPI,Counter_2,160.0
INV1095,2026-01-19,CUST007,PROD002,4,260.0,0.0,UPI,Counter_2,1040.0
INV1096,2026-01-19,CUST001,PROD001,4,56.0,0.0,UPI,Counter_2,224.0
INV1097,2026-01-19,CUST009,PROD007,2,40.0,8.0,Cash,Counter_3,72.0
INV1098,2026-01-19,CUST001,PROD005,1,160.0,0.0,Credit Card,Counter_2,160.0
INV1099,2026-01-19,CUST004,PROD006,4,150.0,0.0,UPI,Counter_1,600.0
INV1100,2026-01-20,CUST009,PROD009,2,115.0,11.5,Credit Card,Counter_1,218.5
INV1101,2026-01-20,CUST009,PROD004,2,25.0,5.0,UPI,Counter_2,45.0
INV1102,2026-01-20,CUST011,PROD008,4,240.0,48.0,UPI,Counter_1,912.0
INV1103,2026-01-20,CUST011,PROD009,4,115.0,23.0,UPI,Counter_3,437.0
INV1104,2026-01-20,CUST004,PROD003,1,510.0,0.0,Credit Card,Counter_3,510.0
INV1105,2026-01-20,CUST008,PROD004,2,25.0,0.0,UPI,Counter_1,50.0
INV1106,2026-01-20,CUST012,PROD006,3,150.0,0.0,Debit Card,Counter_1,450.0
INV1107,2026-01-21,CUST006,PROD006,2,150.0,15.0,UPI,Counter_3,285.0
INV1108,2026-01-21,CUST001,PROD010,4,250.0,100.0,Cash,Counter_3,900.0
INV1109,2026-01-21,CUST013,PROD009,2,115.0,11.5,UPI,Counter_1,218.5
INV1110,2026-01-21,CUST002,PROD008,1,240.0,0.0,Credit Card,Counter_1,240.0
INV1111,2026-01-21,CUST010,PROD006,2,150.0,30.0,Cash,Counter_3,270.0
INV1112,2026-01-21,CUST007,PROD002,2,260.0,0.0,UPI,Counter_3,520.0
INV1113,2026-01-21,CUST004,PROD007,4,40.0,0.0,UPI,Counter_1,160.0
INV1114,2026-01-21,CUST001,PROD006,1,150.0,0.0,UPI,Counter_2,150.0
INV1115,2026-01-22,CUST008,PROD010,2,250.0,0.0,Cash,Counter_2,500.0
INV1116,2026-01-22,CUST010,PROD004,1,25.0,0.0,Cash,Counter_1,25.0
INV1117,2026-01-22,CUST009,PROD007,2,40.0,0.0,Cash,Counter_3,80.0
INV1118,2026-01-22,CUST003,PROD003,2,510.0,51.0,Cash,Counter_3,969.0
INV1119,2026-01-22,CUST011,PROD006,1,150.0,0.0,Debit Card,Counter_2,150.0
INV1120,2026-01-22,CUST008,PROD009,4,115.0,0.0,Cash,Counter_1,460.0
INV1121,2026-01-22,CUST001,PROD001,4,56.0,0.0,Credit Card,Counter_1,224.0
INV1122,2026-01-22,CUST013,PROD005,1,160.0,0.0,Cash,Counter_1,160.0
INV1123,2026-01-23,CUST010,PROD009,3,115.0,17.25,Cash,Counter_2,327.75
INV1124,2026-01-23,CUST011,PROD006,4,150.0,30.0,UPI,Counter_1,570.0
INV1125,2026-01-23,CUST014,PROD006,4,150.0,0.0,UPI,Counter_3,600.0
INV1126,2026-01-23,CUST010,PROD006,4,150.0,60.0,Debit Card,Counter_3,540.0
INV1127,2026-01-23,CUST001,PROD007,2,40.0,0.0,Cash,Counter_1,80.0
INV1128,2026-01-23,CUST012,PROD006,3,150.0,22.5,Cash,Counter_3,427.5
INV1129,2026-01-23,CUST010,PROD010,1,250.0,12.5,Credit Card,Counter_1,237.5
INV1130,2026-01-24,CUST011,PROD009,2,115.0,23.0,UPI,Counter_1,207.0
INV1131,2026-01-24,CUST005,PROD002,2,260.0,52.0,Debit Card,Counter_2,468.0
INV1132,2026-01-24,CUST013,PROD008,4,240.0,0.0,UPI,Counter_1,960.0
INV1133,2026-01-24,CUST005,PROD006,4,150.0,0.0,Credit Card,Counter_2,600.0
INV1134,2026-01-24,CUST015,PROD003,4,510.0,0.0,UPI,Counter_2,2040.0
INV1135,2026-01-24,CUST006,PROD007,2,40.0,8.0,UPI,Counter_3,72.0
INV1136,2026-01-24,CUST015,PROD005,3,160.0,48.0,UPI,Counter_1,432.0
INV1137,2026-01-25,CUST015,PROD009,1,115.0,0.0,Credit Card,Counter_1,115.0
INV1138,2026-01-25,CUST013,PROD010,3,250.0,0.0,UPI,Counter_1,750.0
INV1139,2026-01-25,CUST008,PROD005,2,160.0,32.0,UPI,Counter_3,288.0
INV1140,2026-01-25,CUST015,PROD003,3,510.0,76.5,Credit Card,Counter_2,1453.5
INV1141,2026-01-25,CUST014,PROD010,2,250.0,25.0,Cash,Counter_1,475.0
INV1142,2026-01-25,CUST008,PROD008,2,240.0,0.0,Cash,Counter_1,480.0
INV1143,2026-01-25,CUST011,PROD004,1,25.0,1.25,UPI,Counter_1,23.75
INV1144,2026-01-25,CUST004,PROD006,2,150.0,30.0,Credit Card,Counter_3,270.0
INV1145,2026-01-26,CUST004,PROD010,3,250.0,0.0,Credit Card,Counter_1,750.0
INV1146,2026-01-26,CUST015,PROD010,2,250.0,25.0,UPI,Counter_2,475.0
INV1147,2026-01-26,CUST013,PROD003,2,510.0,0.0,UPI,Counter_1,1020.0
INV1148,2026-01-26,CUST012,PROD010,3,250.0,37.5,UPI,Counter_3,712.5
INV1149,2026-01-27,CUST014,PROD002,4,260.0,0.0,UPI,Counter_1,1040.0
INV1150,2026-01-27,CUST011,PROD002,2,260.0,52.0,Credit Card,Counter_2,468.0
INV1151,2026-01-27,CUST014,PROD008,3,240.0,0.0,UPI,Counter_3,720.0
INV1152,2026-01-27,CUST005,PROD008,4,240.0,48.0,UPI,Counter_2,912.0
INV1153,2026-01-27,CUST009,PROD001,3,56.0,16.8,UPI,Counter_2,151.2
INV1154,2026-01-27,CUST010,PROD003,3,510.0,0.0,UPI,Counter_1,1530.0
INV1155,2026-01-27,CUST007,PROD005,1,160.0,0.0,Cash,Counter_1,160.0
INV1156,2026-01-27,CUST003,PROD008,2,240.0,24.0,Cash,Counter_1,456.0
INV1157,2026-01-28,CUST013,PROD008,2,240.0,0.0,Cash,Counter_3,480.0
INV1158,2026-01-28,CUST006,PROD004,2,25.0,0.0,Credit Card,Counter_1,50.0
INV1159,2026-01-28,CUST015,PROD002,1,260.0,26.0,UPI,Counter_2,234.0
INV1160,2026-01-29,CUST011,PROD004,1,25.0,0.0,Cash,Counter_2,25.0
INV1161,2026-01-29,CUST006,PROD006,4,150.0,30.0,Cash,Counter_2,570.0
INV1162,2026-01-29,CUST012,PROD006,3,150.0,22.5,UPI,Counter_1,427.5
INV1163,2026-01-29,CUST013,PROD009,2,115.0,11.5,Cash,Counter_3,218.5
INV1164,2026-01-30,CUST004,PROD003,3,510.0,76.5,Cash,Counter_3,1453.5
INV1165,2026-01-30,CUST013,PROD003,2,510.0,0.0,UPI,Counter_1,1020.0
INV1166,2026-01-30,CUST010,PROD003,3,510.0,0.0,UPI,Counter_1,1530.0
INV1167,2026-01-30,CUST013,PROD004,3,25.0,7.5,UPI,Counter_2,67.5
INV1168,2026-01-31,CUST002,PROD006,4,150.0,0.0,Credit Card,Counter_1,600.0
INV1169,2026-01-31,CUST001,PROD009,1,115.0,0.0,UPI,Counter_1,115.0
INV1170,2026-01-31,CUST002,PROD004,1,25.0,0.0,UPI,Counter_2,25.0
INV1171,2026-02-01,CUST004,PROD008,4,240.0,48.0,UPI,Counter_1,912.0
INV1172,2026-02-01,CUST011,PROD010,1,250.0,25.0,UPI,Counter_1,225.0
INV1173,2026-02-01,CUST008,PROD007,2,40.0,0.0,UPI,Counter_2,80.0
INV1174,2026-02-01,CUST006,PROD010,2,250.0,50.0,Cash,Counter_1,450.0
INV1175,2026-02-01,CUST015,PROD004,4,25.0,10.0,Debit Card,Counter_2,90.0
INV1176,2026-02-02,CUST007,PROD010,1,250.0,25.0,Credit Card,Counter_2,225.0
INV1177,2026-02-02,CUST008,PROD003,4,510.0,0.0,UPI,Counter_1,2040.0
INV1178,2026-02-02,CUST002,PROD008,4,240.0,0.0,UPI,Counter_2,960.0
INV1179,2026-02-02,CUST007,PROD005,3,160.0,0.0,UPI,Counter_2,480.0
INV1180,2026-02-02,CUST013,PROD001,2,56.0,0.0,UPI,Counter_3,112.0
INV1181,2026-02-02,CUST002,PROD009,2,115.0,0.0,Credit Card,Counter_1,230.0
INV1182,2026-02-02,CUST004,PROD008,1,240.0,0.0,UPI,Counter_1,240.0
INV1183,2026-02-03,CUST004,PROD008,4,240.0,0.0,UPI,Counter_3,960.0
INV1184,2026-02-03,CUST006,PROD001,1,56.0,0.0,Credit Card,Counter_2,56.0
INV1185,2026-02-03,CUST013,PROD005,2,160.0,0.0,UPI,Counter_1,320.0
INV1186,2026-02-03,CUST004,PROD003,4,510.0,204.0,Cash,Counter_2,1836.0
INV1187,2026-02-04,CUST004,PROD008,2,240.0,24.0,UPI,Counter_3,456.0
INV1188,2026-02-04,CUST005,PROD008,1,240.0,0.0,UPI,Counter_2,240.0
INV1189,2026-02-04,CUST013,PROD008,4,240.0,48.0,Credit Card,Counter_3,912.0
INV1190,2026-02-04,CUST005,PROD005,1,160.0,16.0,Cash,Counter_2,144.0
INV1191,2026-02-04,CUST005,PROD004,4,25.0,0.0,UPI,Counter_2,100.0
INV1192,2026-02-04,CUST010,PROD010,1,250.0,25.0,Credit Card,Counter_1,225.0
INV1193,2026-02-04,CUST003,PROD002,1,260.0,13.0,UPI,Counter_1,247.0
INV1194,2026-02-05,CUST004,PROD009,3,115.0,17.25,UPI,Counter_3,327.75
INV1195,2026-02-05,CUST010,PROD009,4,115.0,46.0,Credit Card,Counter_2,414.0
INV1196,2026-02-05,CUST015,PROD005,1,160.0,0.0,Credit Card,Counter_3,160.0
INV1197,2026-02-05,CUST002,PROD007,4,40.0,8.0,Credit Card,Counter_2,152.0
INV1198,2026-02-05,CUST011,PROD005,4,160.0,0.0,Credit Card,Counter_2,640.0
INV1199,2026-02-05,CUST004,PROD002,2,260.0,52.0,UPI,Counter_3,468.0
INV1200,2026-02-05,CUST001,PROD001,2,56.0,5.6,UPI,Counter_3,106.4
INV1201,2026-02-06,CUST006,PROD008,3,240.0,72.0,Cash,Counter_3,648.0
INV1202,2026-02-06,CUST015,PROD002,4,260.0,52.0,UPI,Counter_3,988.0
INV1203,2026-02-06,CUST007,PROD003,1,510.0,25.5,Cash,Counter_3,484.5
INV1204,2026-02-06,CUST010,PROD004,4,25.0,0.0,Credit Card,Counter_2,100.0
INV1205,2026-02-06,CUST010,PROD008,4,240.0,48.0,Debit Card,Counter_3,912.0
INV1206,2026-02-06,CUST007,PROD007,4,40.0,0.0,Cash,Counter_3,160.0
INV1207,2026-02-06,CUST010,PROD001,4,56.0,0.0,UPI,Counter_1,224.0
INV1208,2026-02-06,CUST007,PROD010,4,250.0,100.0,UPI,Counter_2,900.0
INV1209,2026-02-07,CUST002,PROD005,2,160.0,0.0,Debit Card,Counter_3,320.0
INV1210,2026-02-07,CUST004,PROD005,1,160.0,8.0,Cash,Counter_3,152.0
INV1211,2026-02-07,CUST011,PROD002,3,260.0,0.0,Cash,Counter_3,780.0
INV1212,2026-02-07,CUST007,PROD007,3,40.0,0.0,Credit Card,Counter_2,120.0
INV1213,2026-02-07,CUST013,PROD004,2,25.0,0.0,Cash,Counter_1,50.0
INV1214,2026-02-07,CUST005,PROD009,2,115.0,11.5,Cash,Counter_3,218.5
INV1215,2026-02-07,CUST001,PROD002,4,260.0,104.0,Credit Card,Counter_1,936.0
INV1216,2026-02-07,CUST014,PROD001,4,56.0,0.0,UPI,Counter_1,224.0
INV1217,2026-02-08,CUST006,PROD006,1,150.0,15.0,UPI,Counter_3,135.0
INV1218,2026-02-08,CUST007,PROD001,4,56.0,22.4,Credit Card,Counter_1,201.6
INV1219,2026-02-08,CUST010,PROD006,3,150.0,0.0,Cash,Counter_1,450.0
INV1220,2026-02-08,CUST013,PROD006,3,150.0,0.0,Credit Card,Counter_1,450.0
INV1221,2026-02-08,CUST013,PROD005,2,160.0,0.0,Credit Card,Counter_1,320.0
INV1222,2026-02-08,CUST005,PROD004,3,25.0,0.0,UPI,Counter_3,75.0
INV1223,2026-02-08,CUST008,PROD007,4,40.0,0.0,Debit Card,Counter_3,160.0
INV1224,2026-02-09,CUST015,PROD008,2,240.0,0.0,UPI,Counter_1,480.0
INV1225,2026-02-09,CUST008,PROD005,4,160.0,32.0,Cash,Counter_2,608.0
INV1226,2026-02-09,CUST011,PROD007,1,40.0,0.0,UPI,Counter_1,40.0
INV1227,2026-02-09,CUST015,PROD001,3,56.0,0.0,Cash,Counter_2,168.0
INV1228,2026-02-09,CUST011,PROD002,4,260.0,0.0,Credit Card,Counter_2,1040.0
INV1229,2026-02-09,CUST003,PROD003,2,510.0,102.0,Cash,Counter_2,918.0
INV1230,2026-02-09,CUST015,PROD009,2,115.0,0.0,Debit Card,Counter_1,230.0
INV1231,2026-02-10,CUST013,PROD007,2,40.0,4.0,Debit Card,Counter_1,76.0
INV1232,2026-02-10,CUST005,PROD001,1,56.0,5.6,Cash,Counter_2,50.4
INV1233,2026-02-10,CUST001,PROD006,3,150.0,0.0,UPI,Counter_2,450.0
INV1234,2026-02-10,CUST001,PROD008,4,240.0,96.0,Debit Card,Counter_2,864.0
INV1235,2026-02-10,CUST009,PROD005,2,160.0,16.0,UPI,Counter_3,304.0
INV1236,2026-02-10,CUST009,PROD002,1,260.0,13.0,UPI,Counter_3,247.0
INV1237,2026-02-11,CUST003,PROD010,2,250.0,50.0,UPI,Counter_2,450.0
INV1238,2026-02-11,CUST003,PROD007,4,40.0,0.0,UPI,Counter_3,160.0
INV1239,2026-02-11,CUST003,PROD006,1,150.0,7.5,Credit Card,Counter_1,142.5
INV1240,2026-02-11,CUST012,PROD010,1,250.0,25.0,Credit Card,Counter_1,225.0
INV1241,2026-02-12,CUST011,PROD010,4,250.0,100.0,Cash,Counter_1,900.0
INV1242,2026-02-12,CUST014,PROD010,3,250.0,37.5,Cash,Counter_2,712.5
INV1243,2026-02-12,CUST005,PROD002,1,260.0,0.0,Cash,Counter_3,260.0
INV1244,2026-02-12,CUST001,PROD003,3,510.0,0.0,UPI,Counter_1,1530.0
INV1245,2026-02-12,CUST006,PROD007,3,40.0,6.0,UPI,Counter_2,114.0
INV1246,2026-02-12,CUST012,PROD009,4,115.0,23.0,UPI,Counter_2,437.0
INV1247,2026-02-12,CUST009,PROD009,2,115.0,0.0,Credit Card,Counter_1,230.0
INV1248,2026-02-12,CUST001,PROD002,1,260.0,0.0,Cash,Counter_1,260.0
INV1249,2026-02-13,CUST008,PROD010,3,250.0,0.0,Cash,Counter_1,750.0
INV1250,2026-02-13,CUST008,PROD002,1,260.0,13.0,Credit Card,Counter_3,247.0
INV1251,2026-02-13,CUST014,PROD002,1,260.0,26.0,Debit Card,Counter_1,234.0
INV1252,2026-02-13,CUST013,PROD008,2,240.0,0.0,Cash,Counter_1,480.0
INV1253,2026-02-13,CUST015,PROD006,3,150.0,22.5,UPI,Counter_1,427.5
INV1254,2026-02-13,CUST001,PROD004,3,25.0,3.75,Credit Card,Counter_2,71.25
INV1255,2026-02-13,CUST002,PROD005,1,160.0,0.0,Credit Card,Counter_3,160.0
INV1256,2026-02-13,CUST014,PROD009,3,115.0,0.0,UPI,Counter_1,345.0
INV1257,2026-02-14,CUST014,PROD003,2,510.0,102.0,Debit Card,Counter_3,918.0
INV1258,2026-02-14,CUST009,PROD010,4,250.0,100.0,Cash,Counter_3,900.0
INV1259,2026-02-14,CUST007,PROD005,4,160.0,64.0,UPI,Counter_1,576.0
INV1260,2026-02-14,CUST008,PROD009,3,115.0,17.25,UPI,Counter_3,327.75
INV1261,2026-02-14,CUST014,PROD003,3,510.0,153.0,UPI,Counter_2,1377.0
INV1262,2026-02-14,CUST005,PROD006,2,150.0,0.0,Cash,Counter_3,300.0
INV1263,2026-02-14,CUST010,PROD007,2,40.0,0.0,UPI,Counter_1,80.0
INV1264,2026-02-15,CUST007,PROD008,3,240.0,0.0,UPI,Counter_1,720.0
INV1265,2026-02-15,CUST006,PROD003,1,510.0,25.5,Cash,Counter_3,484.5
INV1266,2026-02-15,CUST010,PROD008,4,240.0,48.0,UPI,Counter_3,912.0
INV1267,2026-02-15,CUST008,PROD007,2,40.0,8.0,UPI,Counter_2,72.0
INV1268,2026-02-15,CUST003,PROD003,3,510.0,153.0,Credit Card,Counter_2,1377.0
INV1269,2026-02-16,CUST006,PROD007,2,40.0,8.0,Cash,Counter_3,72.0
INV1270,2026-02-16,CUST003,PROD005,2,160.0,32.0,UPI,Counter_3,288.0
INV1271,2026-02-16,CUST011,PROD007,4,40.0,8.0,Credit Card,Counter_3,152.0
INV1272,2026-02-16,CUST004,PROD002,1,260.0,0.0,Cash,Counter_3,260.0
INV1273,2026-02-16,CUST015,PROD001,2,56.0,11.2,Cash,Counter_2,100.8
INV1274,2026-02-17,CUST003,PROD009,2,115.0,0.0,Debit Card,Counter_3,230.0
INV1275,2026-02-17,CUST003,PROD009,1,115.0,5.75,UPI,Counter_1,109.25
INV1276,2026-02-17,CUST012,PROD005,4,160.0,64.0,UPI,Counter_2,576.0
INV1277,2026-02-17,CUST011,PROD009,1,115.0,5.75,Credit Card,Counter_2,109.25
INV1278,2026-02-17,CUST008,PROD010,1,250.0,25.0,UPI,Counter_2,225.0
INV1279,2026-02-18,CUST008,PROD002,1,260.0,0.0,Credit Card,Counter_1,260.0
INV1280,2026-02-18,CUST013,PROD004,3,25.0,3.75,Cash,Counter_2,71.25
INV1281,2026-02-18,CUST010,PROD001,2,56.0,11.2,UPI,Counter_3,100.8
INV1282,2026-02-18,CUST006,PROD003,3,510.0,0.0,Debit Card,Counter_3,1530.0
INV1283,2026-02-18,CUST009,PROD005,1,160.0,0.0,UPI,Counter_1,160.0
INV1284,2026-02-19,CUST012,PROD005,3,160.0,0.0,UPI,Counter_2,480.0
INV1285,2026-02-19,CUST008,PROD006,4,150.0,30.0,UPI,Counter_3,570.0
INV1286,2026-02-19,CUST005,PROD002,2,260.0,0.0,UPI,Counter_3,520.0
INV1287,2026-02-19,CUST003,PROD008,2,240.0,48.0,UPI,Counter_1,432.0
INV1288,2026-02-19,CUST012,PROD001,4,56.0,0.0,Debit Card,Counter_3,224.0
INV1289,2026-02-19,CUST006,PROD003,4,510.0,204.0,Debit Card,Counter_2,1836.0
INV1290,2026-02-19,CUST003,PROD003,3,510.0,76.5,Debit Card,Counter_1,1453.5
INV1291,2026-02-20,CUST006,PROD008,2,240.0,48.0,Cash,Counter_1,432.0
INV1292,2026-02-20,CUST004,PROD005,4,160.0,0.0,Credit Card,Counter_2,640.0
INV1293,2026-02-20,CUST012,PROD005,3,160.0,0.0,UPI,Counter_3,480.0
INV1294,2026-02-20,CUST015,PROD004,3,25.0,7.5,Credit Card,Counter_3,67.5
INV1295,2026-02-20,CUST005,PROD005,1,160.0,8.0,Debit Card,Counter_1,152.0
INV1296,2026-02-20,CUST006,PROD006,1,150.0,7.5,UPI,Counter_2,142.5
INV1297,2026-02-20,CUST004,PROD006,4,150.0,60.0,Debit Card,Counter_1,540.0
INV1298,2026-02-20,CUST011,PROD004,3,25.0,3.75,Cash,Counter_3,71.25
INV1299,2026-02-21,CUST011,PROD002,1,260.0,0.0,UPI,Counter_1,260.0
INV1300,2026-02-21,CUST002,PROD006,2,150.0,15.0,UPI,Counter_2,285.0
INV1301,2026-02-21,CUST005,PROD001,1,56.0,2.8,UPI,Counter_2,53.2
INV1302,2026-02-21,CUST006,PROD010,4,250.0,0.0,UPI,Counter_3,1000.0
INV1303,2026-02-21,CUST012,PROD010,3,250.0,0.0,Credit Card,Counter_2,750.0
INV1304,2026-02-21,CUST006,PROD006,1,150.0,15.0,Cash,Counter_3,135.0
INV1305,2026-02-22,CUST010,PROD002,4,260.0,104.0,Debit Card,Counter_1,936.0
INV1306,2026-02-22,CUST006,PROD003,3,510.0,0.0,UPI,Counter_2,1530.0
INV1307,2026-02-22,CUST007,PROD002,2,260.0,52.0,UPI,Counter_3,468.0
INV1308,2026-02-22,CUST011,PROD004,3,25.0,3.75,Cash,Counter_3,71.25
INV1309,2026-02-22,CUST010,PROD006,4,150.0,0.0,UPI,Counter_2,600.0
INV1310,2026-02-22,CUST010,PROD008,2,240.0,0.0,UPI,Counter_2,480.0
INV1311,2026-02-22,CUST008,PROD010,3,250.0,0.0,UPI,Counter_3,750.0
INV1312,2026-02-23,CUST008,PROD001,1,56.0,0.0,UPI,Counter_3,56.0
INV1313,2026-02-23,CUST007,PROD008,4,240.0,48.0,Cash,Counter_1,912.0
INV1314,2026-02-23,CUST004,PROD006,3,150.0,0.0,UPI,Counter_3,450.0
INV1315,2026-02-23,CUST013,PROD004,1,25.0,0.0,Cash,Counter_3,25.0
INV1316,2026-02-24,CUST005,PROD007,3,40.0,12.0,Debit Card,Counter_1,108.0
INV1317,2026-02-24,CUST013,PROD009,2,115.0,0.0,UPI,Counter_3,230.0
INV1318,2026-02-24,CUST015,PROD003,3,510.0,76.5,Credit Card,Counter_2,1453.5
INV1319,2026-02-24,CUST011,PROD006,3,150.0,0.0,Credit Card,Counter_1,450.0
INV1320,2026-02-24,CUST001,PROD006,3,150.0,22.5,Cash,Counter_3,427.5
INV1321,2026-02-24,CUST007,PROD004,1,25.0,0.0,UPI,Counter_2,25.0
INV1322,2026-02-24,CUST004,PROD002,3,260.0,78.0,Credit Card,Counter_3,702.0
INV1323,2026-02-24,CUST010,PROD007,2,40.0,0.0,Credit Card,Counter_2,80.0
INV1324,2026-02-25,CUST007,PROD006,3,150.0,0.0,Credit Card,Counter_3,450.0
INV1325,2026-02-25,CUST006,PROD005,3,160.0,48.0,Credit Card,Counter_2,432.0
INV1326,2026-02-25,CUST008,PROD004,3,25.0,0.0,UPI,Counter_1,75.0
INV1327,2026-02-25,CUST001,PROD008,2,240.0,0.0,UPI,Counter_3,480.0
INV1328,2026-02-25,CUST001,PROD007,3,40.0,12.0,Cash,Counter_2,108.0
INV1329,2026-02-25,CUST007,PROD008,2,240.0,0.0,Cash,Counter_2,480.0
INV1330,2026-02-25,CUST014,PROD003,1,510.0,0.0,Debit Card,Counter_1,510.0
INV1331,2026-02-26,CUST011,PROD004,2,25.0,5.0,Credit Card,Counter_2,45.0
INV1332,2026-02-26,CUST006,PROD006,4,150.0,60.0,Credit Card,Counter_3,540.0
INV1333,2026-02-26,CUST015,PROD004,4,25.0,10.0,Credit Card,Counter_3,90.0
INV1334,2026-02-27,CUST011,PROD009,3,115.0,0.0,Cash,Counter_1,345.0
INV1335,2026-02-27,CUST011,PROD007,1,40.0,4.0,Cash,Counter_1,36.0
INV1336,2026-02-27,CUST004,PROD006,4,150.0,0.0,Cash,Counter_1,600.0
INV1337,2026-02-27,CUST010,PROD008,4,240.0,48.0,UPI,Counter_1,912.0
INV1338,2026-02-27,CUST011,PROD005,2,160.0,32.0,UPI,Counter_3,288.0
INV1339,2026-02-27,CUST001,PROD008,4,240.0,0.0,UPI,Counter_1,960.0
INV1340,2026-02-28,CUST003,PROD008,3,240.0,72.0,Cash,Counter_1,648.0
INV1341,2026-02-28,CUST008,PROD005,1,160.0,0.0,Credit Card,Counter_1,160.0
INV1342,2026-02-28,CUST007,PROD007,2,40.0,0.0,Cash,Counter_3,80.0
INV1343,2026-02-28,CUST012,PROD010,2,250.0,0.0,Credit Card,Counter_3,500.0
INV1344,2026-03-01,CUST009,PROD010,3,250.0,37.5,UPI,Counter_2,712.5
INV1345,2026-03-01,CUST009,PROD004,1,25.0,0.0,Cash,Counter_1,25.0
INV1346,2026-03-01,CUST015,PROD006,2,150.0,15.0,UPI,Counter_1,285.0
INV1347,2026-03-01,CUST015,PROD007,1,40.0,0.0,UPI,Counter_1,40.0
INV1348,2026-03-02,CUST005,PROD010,3,250.0,0.0,UPI,Counter_3,750.0
INV1349,2026-03-02,CUST014,PROD008,3,240.0,72.0,UPI,Counter_1,648.0
INV1350,2026-03-02,CUST007,PROD001,2,56.0,0.0,UPI,Counter_2,112.0
INV1351,2026-03-03,CUST010,PROD006,3,150.0,22.5,UPI,Counter_3,427.5
INV1352,2026-03-03,CUST003,PROD004,1,25.0,1.25,Debit Card,Counter_3,23.75
INV1353,2026-03-03,CUST010,PROD007,3,40.0,0.0,Debit Card,Counter_1,120.0
INV1354,2026-03-03,CUST013,PROD004,3,25.0,0.0,Credit Card,Counter_1,75.0
INV1355,2026-03-03,CUST001,PROD002,1,260.0,13.0,Debit Card,Counter_1,247.0
INV1356,2026-03-04,CUST012,PROD004,4,25.0,5.0,UPI,Counter_3,95.0
INV1357,2026-03-04,CUST014,PROD004,2,25.0,0.0,Cash,Counter_3,50.0
INV1358,2026-03-04,CUST002,PROD002,1,260.0,0.0,UPI,Counter_1,260.0
INV1359,2026-03-04,CUST006,PROD001,3,56.0,16.8,Debit Card,Counter_2,151.2
INV1360,2026-03-04,CUST015,PROD006,1,150.0,15.0,Debit Card,Counter_2,135.0
INV1361,2026-03-04,CUST010,PROD009,4,115.0,46.0,Debit Card,Counter_3,414.0
INV1362,2026-03-04,CUST012,PROD004,2,25.0,0.0,Credit Card,Counter_2,50.0
INV1363,2026-03-04,CUST010,PROD009,2,115.0,23.0,Debit Card,Counter_3,207.0
INV1364,2026-03-05,CUST010,PROD007,2,40.0,0.0,Credit Card,Counter_3,80.0
INV1365,2026-03-05,CUST006,PROD010,3,250.0,75.0,Cash,Counter_2,675.0
INV1366,2026-03-05,CUST007,PROD003,4,510.0,0.0,UPI,Counter_1,2040.0
INV1367,2026-03-06,CUST015,PROD001,4,56.0,0.0,UPI,Counter_2,224.0
INV1368,2026-03-06,CUST011,PROD004,2,25.0,0.0,UPI,Counter_3,50.0
INV1369,2026-03-06,CUST004,PROD002,4,260.0,52.0,UPI,Counter_3,988.0
INV1370,2026-03-06,CUST006,PROD010,4,250.0,50.0,UPI,Counter_3,950.0
INV1371,2026-03-06,CUST005,PROD002,2,260.0,0.0,UPI,Counter_1,520.0
INV1372,2026-03-06,CUST004,PROD005,3,160.0,0.0,Cash,Counter_2,480.0
INV1373,2026-03-06,CUST004,PROD005,3,160.0,0.0,Debit Card,Counter_3,480.0
INV1374,2026-03-07,CUST002,PROD002,3,260.0,0.0,Credit Card,Counter_2,780.0
INV1375,2026-03-07,CUST006,PROD005,2,160.0,16.0,Credit Card,Counter_2,304.0
INV1376,2026-03-07,CUST014,PROD007,2,40.0,0.0,Credit Card,Counter_2,80.0
INV1377,2026-03-07,CUST014,PROD003,4,510.0,204.0,UPI,Counter_2,1836.0
INV1378,2026-03-07,CUST004,PROD007,2,40.0,0.0,Credit Card,Counter_1,80.0
INV1379,2026-03-07,CUST011,PROD004,1,25.0,1.25,Credit Card,Counter_1,23.75
INV1380,2026-03-07,CUST008,PROD003,2,510.0,0.0,UPI,Counter_2,1020.0
INV1381,2026-03-07,CUST011,PROD001,4,56.0,0.0,UPI,Counter_3,224.0
INV1382,2026-03-08,CUST004,PROD009,4,115.0,46.0,Cash,Counter_1,414.0
INV1383,2026-03-08,CUST004,PROD003,4,510.0,102.0,UPI,Counter_2,1938.0
INV1384,2026-03-08,CUST002,PROD009,1,115.0,0.0,Credit Card,Counter_3,115.0
INV1385,2026-03-08,CUST010,PROD004,4,25.0,0.0,Debit Card,Counter_1,100.0
INV1386,2026-03-08,CUST015,PROD003,1,510.0,0.0,Credit Card,Counter_1,510.0
INV1387,2026-03-08,CUST015,PROD010,3,250.0,37.5,Credit Card,Counter_1,712.5
INV1388,2026-03-08,CUST014,PROD007,2,40.0,0.0,Credit Card,Counter_3,80.0
INV1389,2026-03-09,CUST013,PROD002,2,260.0,0.0,Cash,Counter_1,520.0
INV1390,2026-03-09,CUST006,PROD009,3,115.0,34.5,Credit Card,Counter_3,310.5
INV1391,2026-03-09,CUST013,PROD009,2,115.0,23.0,UPI,Counter_3,207.0
INV1392,2026-03-10,CUST002,PROD002,1,260.0,0.0,UPI,Counter_2,260.0
INV1393,2026-03-10,CUST011,PROD006,1,150.0,15.0,Debit Card,Counter_3,135.0
INV1394,2026-03-10,CUST002,PROD003,2,510.0,0.0,Credit Card,Counter_3,1020.0
INV1395,2026-03-10,CUST005,PROD010,3,250.0,0.0,UPI,Counter_2,750.0
INV1396,2026-03-11,CUST009,PROD008,4,240.0,0.0,UPI,Counter_1,960.0
INV1397,2026-03-11,CUST013,PROD005,2,160.0,0.0,UPI,Counter_3,320.0
INV1398,2026-03-11,CUST011,PROD004,2,25.0,0.0,UPI,Counter_1,50.0
INV1399,2026-03-12,CUST003,PROD002,3,260.0,0.0,Debit Card,Counter_3,780.0
INV1400,2026-03-12,CUST007,PROD007,3,40.0,12.0,Debit Card,Counter_2,108.0
INV1401,2026-03-12,CUST001,PROD005,2,160.0,32.0,UPI,Counter_3,288.0
INV1402,2026-03-12,CUST012,PROD007,3,40.0,0.0,UPI,Counter_3,120.0
INV1403,2026-03-12,CUST008,PROD001,2,56.0,0.0,Debit Card,Counter_2,112.0
INV1404,2026-03-12,CUST003,PROD006,3,150.0,45.0,Cash,Counter_2,405.0
INV1405,2026-03-12,CUST015,PROD001,3,56.0,16.8,UPI,Counter_1,151.2
INV1406,2026-03-13,CUST014,PROD010,1,250.0,0.0,UPI,Counter_1,250.0
INV1407,2026-03-13,CUST015,PROD003,1,510.0,0.0,Cash,Counter_3,510.0
INV1408,2026-03-13,CUST007,PROD001,1,56.0,5.6,UPI,Counter_3,50.4
INV1409,2026-03-13,CUST011,PROD004,1,25.0,1.25,Credit Card,Counter_1,23.75
INV1410,2026-03-14,CUST003,PROD003,3,510.0,76.5,Debit Card,Counter_3,1453.5
INV1411,2026-03-14,CUST002,PROD002,1,260.0,13.0,Debit Card,Counter_2,247.0
INV1412,2026-03-14,CUST005,PROD004,1,25.0,0.0,Cash,Counter_2,25.0
INV1413,2026-03-14,CUST013,PROD002,3,260.0,0.0,UPI,Counter_2,780.0
INV1414,2026-03-14,CUST005,PROD004,4,25.0,0.0,UPI,Counter_2,100.0
INV1415,2026-03-14,CUST002,PROD002,3,260.0,39.0,Cash,Counter_3,741.0
INV1416,2026-03-15,CUST003,PROD006,1,150.0,7.5,UPI,Counter_1,142.5
INV1417,2026-03-15,CUST003,PROD001,4,56.0,22.4,UPI,Counter_1,201.6
INV1418,2026-03-15,CUST010,PROD004,4,25.0,5.0,Cash,Counter_3,95.0
INV1419,2026-03-16,CUST013,PROD004,1,25.0,1.25,Debit Card,Counter_3,23.75
INV1420,2026-03-16,CUST014,PROD004,2,25.0,5.0,UPI,Counter_3,45.0
INV1421,2026-03-16,CUST008,PROD001,3,56.0,8.4,Cash,Counter_3,159.6
INV1422,2026-03-16,CUST004,PROD007,2,40.0,8.0,Credit Card,Counter_1,72.0
INV1423,2026-03-17,CUST010,PROD007,1,40.0,0.0,UPI,Counter_3,40.0
INV1424,2026-03-17,CUST013,PROD003,4,510.0,204.0,UPI,Counter_2,1836.0
INV1425,2026-03-17,CUST014,PROD003,4,510.0,204.0,UPI,Counter_3,1836.0
INV1426,2026-03-17,CUST011,PROD003,2,510.0,0.0,UPI,Counter_1,1020.0
INV1427,2026-03-17,CUST003,PROD006,3,150.0,45.0,Debit Card,Counter_1,405.0
INV1428,2026-03-18,CUST007,PROD001,3,56.0,8.4,UPI,Counter_2,159.6
INV1429,2026-03-18,CUST015,PROD003,4,510.0,204.0,Credit Card,Counter_1,1836.0
INV1430,2026-03-18,CUST015,PROD009,1,115.0,5.75,Credit Card,Counter_3,109.25
INV1431,2026-03-18,CUST014,PROD001,1,56.0,5.6,Debit Card,Counter_3,50.4
INV1432,2026-03-18,CUST004,PROD009,3,115.0,0.0,UPI,Counter_2,345.0
INV1433,2026-03-18,CUST006,PROD002,2,260.0,0.0,Cash,Counter_3,520.0
INV1434,2026-03-19,CUST004,PROD006,1,150.0,0.0,Debit Card,Counter_1,150.0
INV1435,2026-03-19,CUST012,PROD005,4,160.0,32.0,Credit Card,Counter_1,608.0
INV1436,2026-03-19,CUST015,PROD001,4,56.0,22.4,Credit Card,Counter_2,201.6
INV1437,2026-03-20,CUST015,PROD006,2,150.0,30.0,UPI,Counter_1,270.0
INV1438,2026-03-20,CUST011,PROD010,3,250.0,75.0,UPI,Counter_3,675.0
INV1439,2026-03-20,CUST013,PROD004,2,25.0,0.0,UPI,Counter_1,50.0
INV1440,2026-03-20,CUST013,PROD004,4,25.0,0.0,Credit Card,Counter_2,100.0
INV1441,2026-03-20,CUST011,PROD003,2,510.0,0.0,Credit Card,Counter_1,1020.0
INV1442,2026-03-20,CUST002,PROD005,2,160.0,16.0,Cash,Counter_2,304.0
INV1443,2026-03-20,CUST013,PROD003,2,510.0,102.0,UPI,Counter_2,918.0
INV1444,2026-03-21,CUST006,PROD003,1,510.0,0.0,Debit Card,Counter_2,510.0
INV1445,2026-03-21,CUST006,PROD009,3,115.0,0.0,UPI,Counter_2,345.0
INV1446,2026-03-21,CUST006,PROD003,3,510.0,153.0,Credit Card,Counter_1,1377.0
INV1447,2026-03-21,CUST011,PROD002,3,260.0,0.0,Credit Card,Counter_2,780.0
INV1448,2026-03-21,CUST006,PROD002,2,260.0,26.0,Credit Card,Counter_2,494.0
INV1449,2026-03-21,CUST002,PROD006,3,150.0,22.5,Cash,Counter_3,427.5
INV1450,2026-03-22,CUST006,PROD008,3,240.0,0.0,UPI,Counter_1,720.0
INV1451,2026-03-22,CUST004,PROD002,3,260.0,78.0,Debit Card,Counter_1,702.0
INV1452,2026-03-22,CUST004,PROD008,3,240.0,0.0,Debit Card,Counter_1,720.0
INV1453,2026-03-22,CUST006,PROD001,4,56.0,11.2,Credit Card,Counter_3,212.8
INV1454,2026-03-22,CUST013,PROD002,2,260.0,26.0,Credit Card,Counter_3,494.0
INV1455,2026-03-22,CUST011,PROD007,4,40.0,0.0,Cash,Counter_3,160.0
INV1456,2026-03-22,CUST004,PROD010,2,250.0,50.0,UPI,Counter_1,450.0
INV1457,2026-03-23,CUST014,PROD004,1,25.0,2.5,Debit Card,Counter_3,22.5
INV1458,2026-03-23,CUST001,PROD009,1,115.0,0.0,Cash,Counter_1,115.0
INV1459,2026-03-23,CUST003,PROD005,2,160.0,0.0,Cash,Counter_1,320.0
INV1460,2026-03-23,CUST015,PROD004,2,25.0,5.0,UPI,Counter_3,45.0
INV1461,2026-03-23,CUST009,PROD004,1,25.0,1.25,Credit Card,Counter_2,23.75
INV1462,2026-03-23,CUST006,PROD003,3,510.0,0.0,UPI,Counter_1,1530.0
INV1463,2026-03-23,CUST007,PROD001,3,56.0,8.4,Credit Card,Counter_2,159.6
INV1464,2026-03-24,CUST002,PROD008,4,240.0,0.0,UPI,Counter_3,960.0
INV1465,2026-03-24,CUST002,PROD006,3,150.0,0.0,UPI,Counter_2,450.0
INV1466,2026-03-24,CUST012,PROD004,2,25.0,0.0,Cash,Counter_2,50.0
INV1467,2026-03-25,CUST012,PROD002,3,260.0,0.0,UPI,Counter_2,780.0
INV1468,2026-03-25,CUST004,PROD001,4,56.0,0.0,UPI,Counter_1,224.0
INV1469,2026-03-25,CUST012,PROD008,2,240.0,0.0,Cash,Counter_2,480.0
INV1470,2026-03-25,CUST010,PROD002,1,260.0,0.0,UPI,Counter_2,260.0
INV1471,2026-03-25,CUST005,PROD001,3,56.0,8.4,UPI,Counter_3,159.6
INV1472,2026-03-25,CUST003,PROD002,4,260.0,104.0,Cash,Counter_3,936.0
INV1473,2026-03-25,CUST004,PROD006,2,150.0,0.0,UPI,Counter_3,300.0
INV1474,2026-03-26,CUST002,PROD003,4,510.0,0.0,Credit Card,Counter_1,2040.0
INV1475,2026-03-26,CUST009,PROD006,3,150.0,0.0,Debit Card,Counter_3,450.0
INV1476,2026-03-26,CUST009,PROD006,3,150.0,0.0,UPI,Counter_1,450.0
INV1477,2026-03-26,CUST004,PROD006,4,150.0,0.0,Credit Card,Counter_2,600.0
INV1478,2026-03-26,CUST002,PROD006,3,150.0,22.5,Cash,Counter_3,427.5
INV1479,2026-03-26,CUST005,PROD002,2,260.0,26.0,UPI,Counter_3,494.0
INV1480,2026-03-26,CUST002,PROD006,1,150.0,0.0,Cash,Counter_3,150.0
INV1481,2026-03-26,CUST003,PROD001,1,56.0,0.0,UPI,Counter_3,56.0
INV1482,2026-03-27,CUST005,PROD004,4,25.0,5.0,Credit Card,Counter_3,95.0
INV1483,2026-03-27,CUST014,PROD010,1,250.0,25.0,UPI,Counter_3,225.0
INV1484,2026-03-27,CUST015,PROD005,1,160.0,0.0,Credit Card,Counter_3,160.0
INV1485,2026-03-27,CUST005,PROD004,1,25.0,2.5,Credit Card,Counter_1,22.5
INV1486,2026-03-27,CUST002,PROD004,1,25.0,1.25,Credit Card,Counter_3,23.75
INV1487,2026-03-27,CUST007,PROD007,1,40.0,2.0,Cash,Counter_1,38.0
INV1488,2026-03-27,CUST013,PROD007,4,40.0,0.0,Cash,Counter_1,160.0
INV1489,2026-03-27,CUST010,PROD005,2,160.0,0.0,UPI,Counter_1,320.0
INV1490,2026-03-28,CUST007,PROD007,3,40.0,12.0,Credit Card,Counter_1,108.0
INV1491,2026-03-28,CUST013,PROD002,1,260.0,26.0,Cash,Counter_3,234.0
INV1492,2026-03-28,CUST002,PROD010,3,250.0,0.0,UPI,Counter_1,750.0
INV1493,2026-03-28,CUST004,PROD006,4,150.0,60.0,UPI,Counter_3,540.0
INV1494,2026-03-28,CUST005,PROD008,1,240.0,0.0,Cash,Counter_2,240.0
INV1495,2026-03-29,CUST010,PROD001,4,56.0,0.0,UPI,Counter_3,224.0
INV1496,2026-03-29,CUST012,PROD002,2,260.0,0.0,Debit Card,Counter_3,520.0
INV1497,2026-03-29,CUST014,PROD008,4,240.0,96.0,Credit Card,Counter_1,864.0
INV1498,2026-03-29,CUST015,PROD008,2,240.0,0.0,UPI,Counter_2,480.0
INV1499,2026-03-29,CUST008,PROD008,2,240.0,24.0,Cash,Counter_1,456.0
INV1500,2026-03-29,CUST006,PROD010,3,250.0,0.0,Cash,Counter_1,750.0
INV1501,2026-03-30,CUST004,PROD004,4,25.0,5.0,UPI,Counter_3,95.0
INV1502,2026-03-30,CUST010,PROD008,1,240.0,12.0,Debit Card,Counter_3,228.0
INV1503,2026-03-30,CUST004,PROD002,4,260.0,104.0,UPI,Counter_2,936.0
INV1504,2026-03-30,CUST002,PROD001,3,56.0,16.8,Debit Card,Counter_2,151.2
INV1505,2026-03-30,CUST015,PROD010,2,250.0,0.0,UPI,Counter_2,500.0
INV1506,2026-03-30,CUST009,PROD004,4,25.0,5.0,UPI,Counter_1,95.0
INV1507,2026-03-30,CUST005,PROD003,3,510.0,0.0,Cash,Counter_2,1530.0
INV1508,2026-03-30,CUST001,PROD003,3,510.0,0.0,UPI,Counter_3,1530.0
INV1509,2026-03-31,CUST005,PROD004,2,25.0,5.0,UPI,Counter_2,45.0
INV1510,2026-03-31,CUST007,PROD003,3,510.0,76.5,Debit Card,Counter_1,1453.5
INV1511,2026-03-31,CUST012,PROD001,4,56.0,22.4,Credit Card,Counter_2,201.6
INV1512,2026-04-01,CUST013,PROD004,3,25.0,0.0,UPI,Counter_2,75.0
INV1513,2026-04-01,CUST002,PROD001,2,56.0,0.0,Cash,Counter_1,112.0
INV1514,2026-04-01,CUST004,PROD004,4,25.0,5.0,UPI,Counter_3,95.0
INV1515,2026-04-01,CUST006,PROD004,3,25.0,7.5,UPI,Counter_2,67.5
INV1516,2026-04-01,CUST013,PROD008,3,240.0,0.0,UPI,Counter_3,720.0
INV1517,2026-04-01,CUST010,PROD002,1,260.0,26.0,UPI,Counter_2,234.0
INV1518,2026-04-01,CUST013,PROD002,3,260.0,0.0,Cash,Counter_3,780.0
INV1519,2026-04-01,CUST013,PROD005,1,160.0,8.0,Cash,Counter_1,152.0
INV1520,2026-04-02,CUST015,PROD007,1,40.0,0.0,Cash,Counter_2,40.0
INV1521,2026-04-02,CUST009,PROD009,2,115.0,0.0,UPI,Counter_3,230.0
INV1522,2026-04-02,CUST010,PROD002,2,260.0,26.0,Cash,Counter_3,494.0
INV1523,2026-04-02,CUST006,PROD006,3,150.0,22.5,Cash,Counter_3,427.5
INV1524,2026-04-02,CUST002,PROD003,2,510.0,51.0,Cash,Counter_2,969.0
INV1525,2026-04-02,CUST004,PROD004,3,25.0,0.0,Cash,Counter_1,75.0
INV1526,2026-04-03,CUST011,PROD006,4,150.0,0.0,UPI,Counter_2,600.0
INV1527,2026-04-03,CUST001,PROD004,1,25.0,0.0,UPI,Counter_1,25.0
INV1528,2026-04-03,CUST002,PROD007,2,40.0,8.0,Debit Card,Counter_1,72.0
INV1529,2026-04-03,CUST005,PROD006,4,150.0,0.0,Credit Card,Counter_1,600.0
INV1530,2026-04-03,CUST009,PROD008,3,240.0,36.0,Credit Card,Counter_1,684.0
INV1531,2026-04-03,CUST007,PROD010,4,250.0,0.0,UPI,Counter_1,1000.0
INV1532,2026-04-03,CUST010,PROD002,3,260.0,0.0,Cash,Counter_3,780.0
INV1533,2026-04-03,CUST008,PROD003,2,510.0,0.0,UPI,Counter_2,1020.0
INV1534,2026-04-04,CUST010,PROD005,2,160.0,0.0,UPI,Counter_2,320.0
INV1535,2026-04-04,CUST009,PROD001,4,56.0,0.0,UPI,Counter_2,224.0
INV1536,2026-04-04,CUST012,PROD009,1,115.0,5.75,UPI,Counter_3,109.25
INV1537,2026-04-04,CUST001,PROD001,4,56.0,0.0,Credit Card,Counter_2,224.0
INV1538,2026-04-04,CUST012,PROD001,1,56.0,2.8,UPI,Counter_3,53.2
INV1539,2026-04-04,CUST006,PROD001,3,56.0,0.0,Debit Card,Counter_1,168.0
INV1540,2026-04-04,CUST005,PROD008,3,240.0,0.0,Cash,Counter_1,720.0
INV1541,2026-04-04,CUST003,PROD001,1,56.0,0.0,Debit Card,Counter_1,56.0
INV1542,2026-04-05,CUST014,PROD006,1,150.0,0.0,Cash,Counter_2,150.0
INV1543,2026-04-05,CUST005,PROD008,3,240.0,36.0,UPI,Counter_1,684.0
INV1544,2026-04-05,CUST002,PROD003,4,510.0,0.0,Debit Card,Counter_2,2040.0
INV1545,2026-04-05,CUST002,PROD009,1,115.0,0.0,Debit Card,Counter_2,115.0
INV1546,2026-04-05,CUST006,PROD005,4,160.0,32.0,UPI,Counter_1,608.0
INV1547,2026-04-06,CUST005,PROD006,4,150.0,60.0,UPI,Counter_3,540.0
INV1548,2026-04-06,CUST010,PROD005,1,160.0,16.0,UPI,Counter_3,144.0
INV1549,2026-04-06,CUST013,PROD010,2,250.0,50.0,UPI,Counter_2,450.0
INV1550,2026-04-06,CUST013,PROD003,4,510.0,0.0,Cash,Counter_2,2040.0
INV1551,2026-04-06,CUST010,PROD006,1,150.0,0.0,Credit Card,Counter_3,150.0
INV1552,2026-04-06,CUST011,PROD003,4,510.0,0.0,UPI,Counter_2,2040.0
INV1553,2026-04-06,CUST013,PROD004,4,25.0,10.0,Credit Card,Counter_1,90.0
INV1554,2026-04-06,CUST006,PROD001,2,56.0,11.2,Cash,Counter_3,100.8
INV1555,2026-04-07,CUST013,PROD007,3,40.0,6.0,Debit Card,Counter_3,114.0
INV1556,2026-04-07,CUST015,PROD009,1,115.0,5.75,UPI,Counter_1,109.25
INV1557,2026-04-07,CUST013,PROD002,2,260.0,0.0,UPI,Counter_2,520.0
INV1558,2026-04-07,CUST005,PROD007,2,40.0,0.0,UPI,Counter_3,80.0
INV1559,2026-04-07,CUST010,PROD003,3,510.0,0.0,UPI,Counter_3,1530.0
INV1560,2026-04-07,CUST006,PROD001,4,56.0,22.4,UPI,Counter_3,201.6
INV1561,2026-04-07,CUST012,PROD007,3,40.0,0.0,UPI,Counter_3,120.0
INV1562,2026-04-08,CUST009,PROD003,2,510.0,0.0,UPI,Counter_2,1020.0
INV1563,2026-04-08,CUST001,PROD004,3,25.0,0.0,UPI,Counter_3,75.0
INV1564,2026-04-08,CUST009,PROD010,4,250.0,0.0,Debit Card,Counter_1,1000.0
INV1565,2026-04-08,CUST015,PROD008,4,240.0,0.0,UPI,Counter_1,960.0
INV1566,2026-04-09,CUST015,PROD002,3,260.0,0.0,Credit Card,Counter_1,780.0
INV1567,2026-04-09,CUST003,PROD010,4,250.0,0.0,UPI,Counter_2,1000.0
INV1568,2026-04-09,CUST002,PROD004,2,25.0,0.0,Debit Card,Counter_3,50.0
INV1569,2026-04-09,CUST005,PROD010,1,250.0,0.0,Debit Card,Counter_1,250.0
INV1570,2026-04-09,CUST014,PROD005,2,160.0,32.0,Cash,Counter_1,288.0
INV1571,2026-04-09,CUST011,PROD007,3,40.0,0.0,Cash,Counter_2,120.0
INV1572,2026-04-10,CUST004,PROD008,1,240.0,0.0,Cash,Counter_1,240.0
INV1573,2026-04-10,CUST001,PROD004,1,25.0,1.25,UPI,Counter_1,23.75
INV1574,2026-04-10,CUST002,PROD002,3,260.0,0.0,UPI,Counter_2,780.0
INV1575,2026-04-10,CUST003,PROD005,3,160.0,24.0,Credit Card,Counter_2,456.0
INV1576,2026-04-10,CUST004,PROD004,1,25.0,1.25,UPI,Counter_1,23.75
INV1577,2026-04-10,CUST004,PROD002,4,260.0,52.0,UPI,Counter_1,988.0
INV1578,2026-04-11,CUST010,PROD007,1,40.0,2.0,UPI,Counter_1,38.0
INV1579,2026-04-11,CUST015,PROD002,1,260.0,0.0,Credit Card,Counter_3,260.0
INV1580,2026-04-11,CUST011,PROD005,1,160.0,0.0,UPI,Counter_2,160.0
INV1581,2026-04-11,CUST015,PROD009,1,115.0,0.0,UPI,Counter_3,115.0
INV1582,2026-04-12,CUST002,PROD003,2,510.0,0.0,UPI,Counter_1,1020.0
INV1583,2026-04-12,CUST006,PROD009,4,115.0,0.0,UPI,Counter_3,460.0
INV1584,2026-04-12,CUST002,PROD005,3,160.0,24.0,Credit Card,Counter_2,456.0
INV1585,2026-04-12,CUST006,PROD001,2,56.0,0.0,UPI,Counter_3,112.0
INV1586,2026-04-12,CUST003,PROD009,1,115.0,5.75,UPI,Counter_2,109.25
INV1587,2026-04-13,CUST010,PROD005,3,160.0,0.0,UPI,Counter_2,480.0
INV1588,2026-04-13,CUST004,PROD010,3,250.0,75.0,Credit Card,Counter_1,675.0
INV1589,2026-04-13,CUST004,PROD010,1,250.0,25.0,UPI,Counter_3,225.0
INV1590,2026-04-13,CUST011,PROD001,4,56.0,0.0,Debit Card,Counter_3,224.0
INV1591,2026-04-13,CUST013,PROD003,1,510.0,51.0,UPI,Counter_1,459.0
INV1592,2026-04-13,CUST003,PROD001,4,56.0,0.0,UPI,Counter_3,224.0
INV1593,2026-04-14,CUST013,PROD005,1,160.0,16.0,UPI,Counter_1,144.0
INV1594,2026-04-14,CUST013,PROD001,1,56.0,2.8,Credit Card,Counter_1,53.2
INV1595,2026-04-14,CUST008,PROD010,2,250.0,0.0,UPI,Counter_1,500.0
INV1596,2026-04-14,CUST014,PROD008,1,240.0,0.0,UPI,Counter_1,240.0
INV1597,2026-04-14,CUST007,PROD006,3,150.0,0.0,UPI,Counter_2,450.0
INV1598,2026-04-15,CUST011,PROD001,3,56.0,8.4,Debit Card,Counter_1,159.6
INV1599,2026-04-15,CUST006,PROD005,3,160.0,0.0,Cash,Counter_3,480.0
INV1600,2026-04-15,CUST011,PROD009,2,115.0,11.5,Credit Card,Counter_3,218.5
INV1601,2026-04-15,CUST003,PROD002,2,260.0,0.0,UPI,Counter_1,520.0
INV1602,2026-04-15,CUST010,PROD001,4,56.0,22.4,Credit Card,Counter_1,201.6
INV1603,2026-04-15,CUST015,PROD010,2,250.0,0.0,UPI,Counter_2,500.0
INV1604,2026-04-15,CUST008,PROD002,4,260.0,104.0,Credit Card,Counter_1,936.0
INV1605,2026-04-16,CUST006,PROD004,2,25.0,0.0,UPI,Counter_2,50.0
INV1606,2026-04-16,CUST015,PROD003,1,510.0,25.5,Debit Card,Counter_2,484.5
INV1607,2026-04-16,CUST013,PROD008,1,240.0,24.0,UPI,Counter_2,216.0
INV1608,2026-04-16,CUST012,PROD009,1,115.0,0.0,UPI,Counter_1,115.0
INV1609,2026-04-17,CUST012,PROD009,2,115.0,0.0,UPI,Counter_1,230.0
INV1610,2026-04-17,CUST005,PROD006,2,150.0,0.0,UPI,Counter_1,300.0
INV1611,2026-04-17,CUST002,PROD001,4,56.0,22.4,Credit Card,Counter_1,201.6
INV1612,2026-04-17,CUST011,PROD007,3,40.0,6.0,UPI,Counter_1,114.0
INV1613,2026-04-17,CUST010,PROD009,3,115.0,0.0,Cash,Counter_3,345.0
INV1614,2026-04-18,CUST002,PROD006,2,150.0,0.0,UPI,Counter_2,300.0
INV1615,2026-04-18,CUST002,PROD005,1,160.0,0.0,Cash,Counter_2,160.0
INV1616,2026-04-18,CUST009,PROD010,4,250.0,100.0,UPI,Counter_2,900.0
INV1617,2026-04-19,CUST004,PROD004,4,25.0,5.0,Debit Card,Counter_1,95.0
INV1618,2026-04-19,CUST005,PROD001,1,56.0,0.0,Credit Card,Counter_1,56.0
INV1619,2026-04-19,CUST004,PROD009,1,115.0,5.75,Cash,Counter_1,109.25
INV1620,2026-04-19,CUST002,PROD005,1,160.0,8.0,Cash,Counter_2,152.0
INV1621,2026-04-19,CUST004,PROD006,2,150.0,15.0,UPI,Counter_1,285.0
INV1622,2026-04-19,CUST010,PROD003,1,510.0,0.0,UPI,Counter_1,510.0
INV1623,2026-04-19,CUST015,PROD003,1,510.0,51.0,Cash,Counter_3,459.0
INV1624,2026-04-19,CUST014,PROD001,3,56.0,16.8,Cash,Counter_1,151.2
INV1625,2026-04-20,CUST006,PROD005,1,160.0,0.0,Cash,Counter_1,160.0
INV1626,2026-04-20,CUST009,PROD005,2,160.0,0.0,UPI,Counter_1,320.0
INV1627,2026-04-20,CUST010,PROD007,3,40.0,6.0,UPI,Counter_2,114.0
INV1628,2026-04-21,CUST006,PROD001,2,56.0,11.2,Cash,Counter_3,100.8
INV1629,2026-04-21,CUST009,PROD004,1,25.0,0.0,Cash,Counter_2,25.0
INV1630,2026-04-21,CUST011,PROD005,2,160.0,0.0,UPI,Counter_2,320.0
INV1631,2026-04-21,CUST012,PROD004,2,25.0,5.0,Cash,Counter_3,45.0
INV1632,2026-04-21,CUST009,PROD007,4,40.0,8.0,UPI,Counter_2,152.0
INV1633,2026-04-21,CUST011,PROD008,3,240.0,0.0,UPI,Counter_3,720.0
INV1634,2026-04-21,CUST007,PROD003,1,510.0,0.0,Debit Card,Counter_1,510.0
INV1635,2026-04-22,CUST007,PROD007,1,40.0,0.0,UPI,Counter_1,40.0
INV1636,2026-04-22,CUST006,PROD003,1,510.0,51.0,Credit Card,Counter_1,459.0
INV1637,2026-04-22,CUST007,PROD001,2,56.0,5.6,UPI,Counter_3,106.4
INV1638,2026-04-22,CUST008,PROD007,1,40.0,2.0,Credit Card,Counter_1,38.0
INV1639,2026-04-22,CUST013,PROD001,3,56.0,0.0,UPI,Counter_1,168.0
INV1640,2026-04-23,CUST003,PROD010,2,250.0,50.0,Debit Card,Counter_3,450.0
INV1641,2026-04-23,CUST012,PROD004,2,25.0,0.0,Cash,Counter_2,50.0
INV1642,2026-04-23,CUST015,PROD006,2,150.0,15.0,Cash,Counter_2,285.0
INV1643,2026-04-23,CUST013,PROD007,1,40.0,0.0,Debit Card,Counter_1,40.0
INV1644,2026-04-23,CUST001,PROD002,3,260.0,78.0,UPI,Counter_3,702.0
INV1645,2026-04-24,CUST007,PROD010,1,250.0,12.5,Credit Card,Counter_2,237.5
INV1646,2026-04-24,CUST008,PROD002,3,260.0,0.0,UPI,Counter_1,780.0
INV1647,2026-04-24,CUST011,PROD006,1,150.0,15.0,Credit Card,Counter_2,135.0
INV1648,2026-04-24,CUST004,PROD006,1,150.0,7.5,Cash,Counter_3,142.5
INV1649,2026-04-24,CUST012,PROD007,1,40.0,0.0,Cash,Counter_3,40.0
INV1650,2026-04-24,CUST012,PROD008,4,240.0,96.0,UPI,Counter_1,864.0
INV1651,2026-04-25,CUST010,PROD003,4,510.0,0.0,Credit Card,Counter_3,2040.0
INV1652,2026-04-25,CUST002,PROD003,2,510.0,51.0,UPI,Counter_1,969.0
INV1653,2026-04-25,CUST012,PROD004,3,25.0,0.0,UPI,Counter_1,75.0
INV1654,2026-04-25,CUST001,PROD008,1,240.0,12.0,UPI,Counter_2,228.0
INV1655,2026-04-25,CUST007,PROD003,1,510.0,25.5,UPI,Counter_3,484.5
INV1656,2026-04-25,CUST008,PROD006,3,150.0,45.0,UPI,Counter_1,405.0
INV1657,2026-04-25,CUST014,PROD006,2,150.0,15.0,UPI,Counter_1,285.0
INV1658,2026-04-26,CUST006,PROD003,3,510.0,153.0,Debit Card,Counter_1,1377.0
INV1659,2026-04-26,CUST007,PROD003,2,510.0,0.0,UPI,Counter_3,1020.0
INV1660,2026-04-26,CUST010,PROD007,1,40.0,2.0,Cash,Counter_2,38.0
INV1661,2026-04-27,CUST002,PROD001,1,56.0,5.6,UPI,Counter_3,50.4
INV1662,2026-04-27,CUST011,PROD002,1,260.0,0.0,Debit Card,Counter_2,260.0
INV1663,2026-04-27,CUST011,PROD001,3,56.0,8.4,Cash,Counter_3,159.6
INV1664,2026-04-27,CUST012,PROD001,2,56.0,0.0,Credit Card,Counter_3,112.0
INV1665,2026-04-27,CUST009,PROD002,1,260.0,0.0,Debit Card,Counter_3,260.0
INV1666,2026-04-27,CUST006,PROD001,1,56.0,0.0,Cash,Counter_1,56.0
INV1667,2026-04-27,CUST005,PROD005,2,160.0,0.0,UPI,Counter_1,320.0
INV1668,2026-04-27,CUST002,PROD003,4,510.0,0.0,UPI,Counter_2,2040.0
INV1669,2026-04-28,CUST002,PROD001,1,56.0,0.0,Cash,Counter_1,56.0
INV1670,2026-04-28,CUST011,PROD010,4,250.0,0.0,Cash,Counter_3,1000.0
INV1671,2026-04-28,CUST002,PROD004,1,25.0,0.0,Cash,Counter_2,25.0
INV1672,2026-04-28,CUST008,PROD008,2,240.0,0.0,Cash,Counter_2,480.0
INV1673,2026-04-28,CUST012,PROD002,2,260.0,0.0,Cash,Counter_3,520.0
INV1674,2026-04-29,CUST007,PROD001,1,56.0,5.6,UPI,Counter_1,50.4
INV1675,2026-04-29,CUST013,PROD002,3,260.0,78.0,UPI,Counter_2,702.0
INV1676,2026-04-29,CUST015,PROD001,1,56.0,5.6,UPI,Counter_2,50.4
INV1677,2026-04-29,CUST006,PROD008,3,240.0,36.0,UPI,Counter_1,684.0
INV1678,2026-04-29,CUST011,PROD006,3,150.0,45.0,UPI,Counter_1,405.0
INV1679,2026-04-30,CUST012,PROD005,4,160.0,64.0,Cash,Counter_2,576.0
INV1680,2026-04-30,CUST008,PROD005,2,160.0,32.0,Debit Card,Counter_3,288.0
INV1681,2026-04-30,CUST012,PROD009,3,115.0,0.0,UPI,Counter_2,345.0
INV1682,2026-04-30,CUST005,PROD006,4,150.0,0.0,UPI,Counter_1,600.0
INV1683,2026-04-30,CUST001,PROD004,1,25.0,0.0,UPI,Counter_3,25.0
INV1684,2026-04-30,CUST014,PROD005,1,160.0,0.0,Cash,Counter_2,160.0
INV1685,2026-04-30,CUST006,PROD008,1,240.0,0.0,Debit Card,Counter_3,240.0
INV1686,2026-04-30,CUST013,PROD001,1,56.0,2.8,Debit Card,Counter_2,53.2
INV1687,2026-05-01,CUST011,PROD005,2,160.0,0.0,UPI,Counter_3,320.0
INV1688,2026-05-01,CUST004,PROD010,4,250.0,100.0,UPI,Counter_3,900.0
INV1689,2026-05-01,CUST008,PROD007,1,40.0,0.0,Debit Card,Counter_1,40.0
INV1690,2026-05-01,CUST015,PROD002,3,260.0,39.0,Debit Card,Counter_3,741.0
INV1691,2026-05-01,CUST014,PROD008,2,240.0,0.0,Cash,Counter_2,480.0
INV1692,2026-05-01,CUST014,PROD006,1,150.0,0.0,Cash,Counter_1,150.0
INV1693,2026-05-01,CUST003,PROD003,2,510.0,51.0,UPI,Counter_3,969.0
INV1694,2026-05-02,CUST015,PROD006,4,150.0,30.0,UPI,Counter_2,570.0
INV1695,2026-05-02,CUST006,PROD003,2,510.0,0.0,UPI,Counter_3,1020.0
INV1696,2026-05-02,CUST011,PROD009,1,115.0,5.75,UPI,Counter_3,109.25
INV1697,2026-05-03,CUST006,PROD010,2,250.0,50.0,UPI,Counter_3,450.0
INV1698,2026-05-03,CUST006,PROD008,2,240.0,48.0,UPI,Counter_2,432.0
INV1699,2026-05-03,CUST001,PROD001,3,56.0,0.0,Debit Card,Counter_3,168.0
INV1700,2026-05-03,CUST010,PROD005,4,160.0,64.0,Credit Card,Counter_1,576.0
INV1701,2026-05-03,CUST008,PROD001,4,56.0,22.4,Cash,Counter_3,201.6
INV1702,2026-05-03,CUST007,PROD006,4,150.0,60.0,UPI,Counter_3,540.0
INV1703,2026-05-03,CUST015,PROD008,4,240.0,48.0,Cash,Counter_1,912.0
INV1704,2026-05-04,CUST007,PROD009,1,115.0,11.5,Credit Card,Counter_3,103.5
INV1705,2026-05-04,CUST002,PROD005,4,160.0,32.0,UPI,Counter_1,608.0
INV1706,2026-05-04,CUST005,PROD010,4,250.0,0.0,UPI,Counter_3,1000.0
INV1707,2026-05-04,CUST009,PROD004,4,25.0,0.0,Cash,Counter_1,100.0
INV1708,2026-05-04,CUST005,PROD006,4,150.0,30.0,UPI,Counter_1,570.0
INV1709,2026-05-04,CUST005,PROD008,1,240.0,12.0,UPI,Counter_1,228.0
INV1710,2026-05-04,CUST010,PROD004,4,25.0,10.0,Cash,Counter_1,90.0
INV1711,2026-05-05,CUST006,PROD006,2,150.0,30.0,Cash,Counter_1,270.0
INV1712,2026-05-05,CUST012,PROD005,4,160.0,0.0,Debit Card,Counter_2,640.0
INV1713,2026-05-05,CUST001,PROD007,3,40.0,6.0,Credit Card,Counter_1,114.0
INV1714,2026-05-05,CUST014,PROD002,1,260.0,0.0,UPI,Counter_3,260.0
INV1715,2026-05-05,CUST012,PROD007,1,40.0,0.0,Debit Card,Counter_2,40.0
INV1716,2026-05-05,CUST006,PROD007,2,40.0,0.0,Debit Card,Counter_1,80.0
INV1717,2026-05-05,CUST012,PROD005,4,160.0,64.0,Credit Card,Counter_1,576.0
INV1718,2026-05-06,CUST009,PROD006,3,150.0,22.5,Credit Card,Counter_2,427.5
INV1719,2026-05-06,CUST003,PROD003,3,510.0,0.0,UPI,Counter_1,1530.0
INV1720,2026-05-06,CUST008,PROD001,2,56.0,0.0,UPI,Counter_2,112.0
INV1721,2026-05-06,CUST008,PROD006,4,150.0,30.0,Cash,Counter_2,570.0
INV1722,2026-05-07,CUST014,PROD002,1,260.0,26.0,Credit Card,Counter_2,234.0
INV1723,2026-05-07,CUST010,PROD010,1,250.0,0.0,Credit Card,Counter_2,250.0
INV1724,2026-05-07,CUST007,PROD001,2,56.0,11.2,Credit Card,Counter_2,100.8
INV1725,2026-05-08,CUST001,PROD007,2,40.0,0.0,Debit Card,Counter_1,80.0
INV1726,2026-05-08,CUST003,PROD009,4,115.0,0.0,Cash,Counter_1,460.0
INV1727,2026-05-08,CUST006,PROD002,2,260.0,0.0,UPI,Counter_2,520.0
INV1728,2026-05-08,CUST006,PROD005,2,160.0,32.0,UPI,Counter_1,288.0
INV1729,2026-05-08,CUST004,PROD004,4,25.0,5.0,Cash,Counter_1,95.0
INV1730,2026-05-09,CUST001,PROD006,2,150.0,30.0,UPI,Counter_3,270.0
INV1731,2026-05-09,CUST008,PROD004,1,25.0,0.0,Credit Card,Counter_2,25.0
INV1732,2026-05-09,CUST005,PROD008,4,240.0,0.0,UPI,Counter_1,960.0
INV1733,2026-05-09,CUST012,PROD005,2,160.0,0.0,UPI,Counter_2,320.0
INV1734,2026-05-10,CUST007,PROD003,1,510.0,0.0,Cash,Counter_1,510.0
INV1735,2026-05-10,CUST002,PROD002,4,260.0,52.0,Cash,Counter_1,988.0
INV1736,2026-05-10,CUST011,PROD009,3,115.0,0.0,UPI,Counter_3,345.0
INV1737,2026-05-11,CUST015,PROD004,3,25.0,0.0,Debit Card,Counter_1,75.0
INV1738,2026-05-11,CUST002,PROD010,2,250.0,25.0,Cash,Counter_2,475.0
INV1739,2026-05-11,CUST011,PROD001,4,56.0,0.0,UPI,Counter_2,224.0
INV1740,2026-05-12,CUST015,PROD001,3,56.0,8.4,UPI,Counter_1,159.6
INV1741,2026-05-12,CUST002,PROD004,2,25.0,2.5,UPI,Counter_1,47.5
INV1742,2026-05-12,CUST006,PROD006,1,150.0,7.5,Debit Card,Counter_1,142.5
INV1743,2026-05-12,CUST008,PROD009,3,115.0,17.25,UPI,Counter_2,327.75
INV1744,2026-05-12,CUST002,PROD006,4,150.0,0.0,UPI,Counter_2,600.0
INV1745,2026-05-12,CUST008,PROD006,2,150.0,15.0,Cash,Counter_2,285.0
INV1746,2026-05-12,CUST012,PROD004,4,25.0,5.0,Debit Card,Counter_1,95.0
INV1747,2026-05-13,CUST015,PROD006,4,150.0,60.0,Credit Card,Counter_3,540.0
INV1748,2026-05-13,CUST003,PROD008,1,240.0,24.0,Cash,Counter_3,216.0
INV1749,2026-05-13,CUST004,PROD001,4,56.0,0.0,UPI,Counter_3,224.0
INV1750,2026-05-13,CUST005,PROD006,4,150.0,0.0,Debit Card,Counter_2,600.0
INV1751,2026-05-13,CUST006,PROD009,2,115.0,23.0,Debit Card,Counter_2,207.0
INV1752,2026-05-13,CUST014,PROD002,4,260.0,0.0,UPI,Counter_2,1040.0
INV1753,2026-05-13,CUST011,PROD006,3,150.0,0.0,UPI,Counter_2,450.0
INV1754,2026-05-13,CUST011,PROD007,3,40.0,12.0,UPI,Counter_2,108.0
INV1755,2026-05-14,CUST001,PROD009,3,115.0,0.0,Cash,Counter_2,345.0
INV1756,2026-05-14,CUST008,PROD010,1,250.0,0.0,Credit Card,Counter_1,250.0
INV1757,2026-05-14,CUST007,PROD002,2,260.0,26.0,UPI,Counter_2,494.0
INV1758,2026-05-14,CUST004,PROD006,3,150.0,0.0,UPI,Counter_1,450.0
INV1759,2026-05-14,CUST005,PROD008,1,240.0,12.0,UPI,Counter_1,228.0
INV1760,2026-05-14,CUST007,PROD009,4,115.0,23.0,UPI,Counter_1,437.0
INV1761,2026-05-14,CUST006,PROD008,3,240.0,36.0,Debit Card,Counter_1,684.0
INV1762,2026-05-14,CUST008,PROD009,1,115.0,11.5,Cash,Counter_2,103.5
INV1763,2026-05-15,CUST014,PROD007,2,40.0,0.0,UPI,Counter_3,80.0
INV1764,2026-05-15,CUST004,PROD002,3,260.0,39.0,UPI,Counter_2,741.0
INV1765,2026-05-15,CUST002,PROD003,3,510.0,0.0,UPI,Counter_2,1530.0
INV1766,2026-05-15,CUST013,PROD004,3,25.0,0.0,UPI,Counter_3,75.0
INV1767,2026-05-16,CUST014,PROD008,3,240.0,72.0,Debit Card,Counter_3,648.0
INV1768,2026-05-16,CUST013,PROD001,1,56.0,2.8,UPI,Counter_1,53.2
INV1769,2026-05-16,CUST001,PROD003,4,510.0,102.0,Credit Card,Counter_3,1938.0
INV1770,2026-05-16,CUST015,PROD006,3,150.0,0.0,Debit Card,Counter_1,450.0
INV1771,2026-05-16,CUST004,PROD010,1,250.0,0.0,Credit Card,Counter_2,250.0
INV1772,2026-05-16,CUST008,PROD010,2,250.0,25.0,Cash,Counter_2,475.0
INV1773,2026-05-17,CUST007,PROD008,1,240.0,0.0,Debit Card,Counter_3,240.0
INV1774,2026-05-17,CUST001,PROD006,4,150.0,30.0,UPI,Counter_3,570.0
INV1775,2026-05-17,CUST005,PROD004,2,25.0,5.0,UPI,Counter_2,45.0
INV1776,2026-05-17,CUST006,PROD009,4,115.0,23.0,Credit Card,Counter_2,437.0
INV1777,2026-05-17,CUST008,PROD008,4,240.0,0.0,Debit Card,Counter_2,960.0
INV1778,2026-05-17,CUST013,PROD006,3,150.0,22.5,Credit Card,Counter_1,427.5
INV1779,2026-05-17,CUST009,PROD009,1,115.0,11.5,Cash,Counter_3,103.5
INV1780,2026-05-17,CUST004,PROD001,3,56.0,0.0,UPI,Counter_1,168.0
INV1781,2026-05-18,CUST003,PROD001,2,56.0,0.0,Cash,Counter_1,112.0
INV1782,2026-05-18,CUST008,PROD002,4,260.0,52.0,Cash,Counter_1,988.0
INV1783,2026-05-18,CUST015,PROD003,4,510.0,0.0,Credit Card,Counter_1,2040.0
INV1784,2026-05-19,CUST007,PROD005,3,160.0,0.0,Debit Card,Counter_3,480.0
INV1785,2026-05-19,CUST002,PROD006,3,150.0,22.5,Credit Card,Counter_1,427.5
INV1786,2026-05-19,CUST008,PROD008,1,240.0,24.0,Cash,Counter_2,216.0
INV1787,2026-05-19,CUST005,PROD008,1,240.0,12.0,UPI,Counter_2,228.0
INV1788,2026-05-19,CUST015,PROD001,1,56.0,0.0,UPI,Counter_1,56.0
INV1789,2026-05-19,CUST001,PROD008,3,240.0,0.0,Credit Card,Counter_1,720.0
INV1790,2026-05-19,CUST008,PROD002,4,260.0,0.0,Cash,Counter_1,1040.0
INV1791,2026-05-20,CUST012,PROD009,4,115.0,46.0,Cash,Counter_3,414.0
INV1792,2026-05-20,CUST011,PROD003,1,510.0,51.0,UPI,Counter_2,459.0
INV1793,2026-05-20,CUST008,PROD003,4,510.0,0.0,UPI,Counter_3,2040.0
INV1794,2026-05-20,CUST011,PROD010,2,250.0,50.0,UPI,Counter_3,450.0
INV1795,2026-05-20,CUST004,PROD008,3,240.0,0.0,Credit Card,Counter_2,720.0
INV1796,2026-05-21,CUST009,PROD008,3,240.0,72.0,UPI,Counter_1,648.0
INV1797,2026-05-21,CUST010,PROD008,2,240.0,24.0,Debit Card,Counter_1,456.0
INV1798,2026-05-21,CUST012,PROD008,3,240.0,0.0,UPI,Counter_3,720.0
INV1799,2026-05-21,CUST002,PROD007,4,40.0,8.0,UPI,Counter_1,152.0
INV1800,2026-05-21,CUST003,PROD004,2,25.0,0.0,UPI,Counter_1,50.0
INV1801,2026-05-22,CUST011,PROD006,3,150.0,0.0,Cash,Counter_2,450.0
INV1802,2026-05-22,CUST011,PROD007,3,40.0,0.0,UPI,Counter_1,120.0
INV1803,2026-05-22,CUST001,PROD002,4,260.0,0.0,Cash,Counter_3,1040.0
INV1804,2026-05-22,CUST013,PROD003,3,510.0,0.0,UPI,Counter_1,1530.0
INV1805,2026-05-22,CUST012,PROD005,3,160.0,24.0,UPI,Counter_3,456.0
INV1806,2026-05-22,CUST003,PROD009,2,115.0,23.0,Credit Card,Counter_2,207.0
INV1807,2026-05-22,CUST011,PROD002,3,260.0,39.0,Credit Card,Counter_1,741.0
INV1808,2026-05-22,CUST010,PROD009,3,115.0,0.0,Cash,Counter_2,345.0
INV1809,2026-05-23,CUST014,PROD004,2,25.0,0.0,Cash,Counter_3,50.0
INV1810,2026-05-23,CUST006,PROD003,1,510.0,51.0,Debit Card,Counter_2,459.0
INV1811,2026-05-23,CUST009,PROD007,4,40.0,0.0,Debit Card,Counter_1,160.0
INV1812,2026-05-23,CUST008,PROD006,4,150.0,0.0,UPI,Counter_1,600.0
INV1813,2026-05-23,CUST007,PROD003,1,510.0,0.0,UPI,Counter_2,510.0
INV1814,2026-05-24,CUST010,PROD008,3,240.0,72.0,UPI,Counter_3,648.0
INV1815,2026-05-24,CUST002,PROD005,2,160.0,16.0,Cash,Counter_2,304.0
INV1816,2026-05-24,CUST014,PROD006,3,150.0,0.0,UPI,Counter_3,450.0
INV1817,2026-05-24,CUST006,PROD006,1,150.0,0.0,Debit Card,Counter_2,150.0
INV1818,2026-05-25,CUST010,PROD005,3,160.0,0.0,UPI,Counter_1,480.0
INV1819,2026-05-25,CUST015,PROD008,4,240.0,0.0,Debit Card,Counter_3,960.0
INV1820,2026-05-25,CUST001,PROD003,4,510.0,204.0,Credit Card,Counter_1,1836.0
INV1821,2026-05-26,CUST014,PROD002,1,260.0,26.0,Debit Card,Counter_2,234.0
INV1822,2026-05-26,CUST013,PROD008,2,240.0,0.0,Cash,Counter_1,480.0
INV1823,2026-05-26,CUST008,PROD004,1,25.0,1.25,UPI,Counter_1,23.75
INV1824,2026-05-26,CUST007,PROD004,2,25.0,0.0,UPI,Counter_1,50.0
INV1825,2026-05-27,CUST001,PROD002,1,260.0,0.0,Debit Card,Counter_1,260.0
INV1826,2026-05-27,CUST009,PROD006,2,150.0,0.0,Cash,Counter_2,300.0
INV1827,2026-05-27,CUST003,PROD001,2,56.0,0.0,Cash,Counter_1,112.0
INV1828,2026-05-27,CUST002,PROD003,2,510.0,102.0,UPI,Counter_1,918.0
INV1829,2026-05-27,CUST011,PROD002,3,260.0,0.0,UPI,Counter_2,780.0
INV1830,2026-05-27,CUST007,PROD003,1,510.0,25.5,Credit Card,Counter_2,484.5
INV1831,2026-05-28,CUST005,PROD005,1,160.0,0.0,UPI,Counter_3,160.0
INV1832,2026-05-28,CUST003,PROD001,3,56.0,8.4,UPI,Counter_2,159.6
INV1833,2026-05-28,CUST008,PROD002,1,260.0,13.0,UPI,Counter_2,247.0
INV1834,2026-05-28,CUST004,PROD009,2,115.0,23.0,UPI,Counter_3,207.0
INV1835,2026-05-29,CUST004,PROD001,4,56.0,11.2,Cash,Counter_3,212.8
INV1836,2026-05-29,CUST006,PROD004,4,25.0,10.0,Debit Card,Counter_1,90.0
INV1837,2026-05-29,CUST002,PROD002,4,260.0,104.0,UPI,Counter_3,936.0
INV1838,2026-05-29,CUST008,PROD003,3,510.0,153.0,Credit Card,Counter_1,1377.0
INV1839,2026-05-29,CUST008,PROD009,2,115.0,0.0,UPI,Counter_1,230.0
INV1840,2026-05-29,CUST004,PROD004,2,25.0,5.0,UPI,Counter_1,45.0
INV1841,2026-05-29,CUST007,PROD010,3,250.0,0.0,Credit Card,Counter_2,750.0
INV1842,2026-05-29,CUST001,PROD004,1,25.0,0.0,Cash,Counter_2,25.0
INV1843,2026-05-30,CUST009,PROD002,3,260.0,39.0,UPI,Counter_1,741.0
INV1844,2026-05-30,CUST004,PROD006,3,150.0,0.0,UPI,Counter_2,450.0
INV1845,2026-05-30,CUST001,PROD007,4,40.0,16.0,Cash,Counter_3,144.0
INV1846,2026-05-30,CUST003,PROD005,4,160.0,32.0,Credit Card,Counter_2,608.0
INV1847,2026-05-30,CUST001,PROD008,3,240.0,36.0,UPI,Counter_1,684.0
INV1848,2026-05-30,CUST004,PROD008,3,240.0,0.0,Cash,Counter_1,720.0
INV1849,2026-05-31,CUST014,PROD004,4,25.0,10.0,Cash,Counter_2,90.0
INV1850,2026-05-31,CUST007,PROD007,1,40.0,0.0,Credit Card,Counter_3,40.0
INV1851,2026-05-31,CUST013,PROD007,4,40.0,16.0,UPI,Counter_2,144.0
INV1852,2026-05-31,CUST002,PROD008,2,240.0,24.0,Credit Card,Counter_2,456.0
INV1853,2026-05-31,CUST004,PROD007,4,40.0,16.0,Credit Card,Counter_1,144.0
INV1854,2026-05-31,CUST006,PROD009,3,115.0,34.5,Debit Card,Counter_3,310.5
INV1855,2026-05-31,CUST012,PROD009,3,115.0,17.25,UPI,Counter_1,327.75
INV1856,2026-05-31,CUST015,PROD008,3,240.0,36.0,UPI,Counter_1,684.0
INV1857,2026-06-01,CUST009,PROD006,4,150.0,30.0,UPI,Counter_3,570.0
INV1858,2026-06-01,CUST003,PROD009,1,115.0,11.5,Cash,Counter_1,103.5
INV1859,2026-06-01,CUST007,PROD009,3,115.0,34.5,UPI,Counter_2,310.5
INV1860,2026-06-02,CUST009,PROD007,3,40.0,6.0,UPI,Counter_3,114.0
INV1861,2026-06-02,CUST007,PROD001,3,56.0,0.0,Debit Card,Counter_1,168.0
INV1862,2026-06-02,CUST008,PROD006,2,150.0,0.0,UPI,Counter_2,300.0
INV1863,2026-06-02,CUST005,PROD009,1,115.0,0.0,UPI,Counter_1,115.0
INV1864,2026-06-02,CUST010,PROD008,3,240.0,0.0,Credit Card,Counter_2,720.0
INV1865,2026-06-02,CUST008,PROD010,2,250.0,25.0,UPI,Counter_3,475.0
INV1866,2026-06-02,CUST009,PROD005,2,160.0,32.0,Credit Card,Counter_1,288.0
INV1867,2026-06-02,CUST002,PROD007,2,40.0,8.0,Debit Card,Counter_2,72.0
INV1868,2026-06-03,CUST015,PROD009,4,115.0,23.0,UPI,Counter_1,437.0
INV1869,2026-06-03,CUST004,PROD010,1,250.0,0.0,Debit Card,Counter_2,250.0
INV1870,2026-06-03,CUST003,PROD009,1,115.0,11.5,Cash,Counter_2,103.5
INV1871,2026-06-03,CUST015,PROD007,1,40.0,2.0,UPI,Counter_3,38.0
INV1872,2026-06-03,CUST012,PROD007,4,40.0,16.0,UPI,Counter_3,144.0
INV1873,2026-06-03,CUST011,PROD004,1,25.0,2.5,Credit Card,Counter_2,22.5
INV1874,2026-06-03,CUST011,PROD006,4,150.0,30.0,Credit Card,Counter_2,570.0
INV1875,2026-06-03,CUST013,PROD008,4,240.0,96.0,Credit Card,Counter_3,864.0
INV1876,2026-06-04,CUST010,PROD003,4,510.0,0.0,Cash,Counter_2,2040.0
INV1877,2026-06-04,CUST013,PROD008,3,240.0,72.0,Cash,Counter_2,648.0
INV1878,2026-06-04,CUST003,PROD001,2,56.0,5.6,UPI,Counter_2,106.4
INV1879,2026-06-04,CUST006,PROD005,4,160.0,0.0,Cash,Counter_1,640.0
INV1880,2026-06-04,CUST011,PROD008,1,240.0,24.0,UPI,Counter_1,216.0
INV1881,2026-06-04,CUST012,PROD003,3,510.0,153.0,Credit Card,Counter_1,1377.0
INV1882,2026-06-04,CUST006,PROD004,3,25.0,3.75,Cash,Counter_3,71.25
INV1883,2026-06-04,CUST015,PROD001,3,56.0,0.0,Cash,Counter_2,168.0
INV1884,2026-06-05,CUST014,PROD004,3,25.0,0.0,UPI,Counter_3,75.0
INV1885,2026-06-05,CUST014,PROD005,3,160.0,48.0,Cash,Counter_1,432.0
INV1886,2026-06-05,CUST008,PROD002,1,260.0,0.0,UPI,Counter_1,260.0
INV1887,2026-06-05,CUST008,PROD009,2,115.0,0.0,Debit Card,Counter_2,230.0
INV1888,2026-06-05,CUST014,PROD008,3,240.0,0.0,Cash,Counter_1,720.0
INV1889,2026-06-06,CUST005,PROD006,4,150.0,30.0,Debit Card,Counter_1,570.0
INV1890,2026-06-06,CUST013,PROD007,2,40.0,0.0,UPI,Counter_3,80.0
INV1891,2026-06-06,CUST013,PROD005,2,160.0,16.0,Credit Card,Counter_3,304.0
INV1892,2026-06-06,CUST008,PROD004,2,25.0,5.0,UPI,Counter_3,45.0
INV1893,2026-06-07,CUST002,PROD007,1,40.0,2.0,Cash,Counter_3,38.0
INV1894,2026-06-07,CUST012,PROD006,4,150.0,60.0,UPI,Counter_2,540.0
INV1895,2026-06-07,CUST015,PROD008,4,240.0,0.0,Cash,Counter_3,960.0
INV1896,2026-06-08,CUST010,PROD007,2,40.0,0.0,UPI,Counter_3,80.0
INV1897,2026-06-08,CUST003,PROD009,2,115.0,0.0,Cash,Counter_1,230.0
INV1898,2026-06-08,CUST010,PROD003,1,510.0,51.0,Debit Card,Counter_2,459.0
INV1899,2026-06-08,CUST009,PROD010,3,250.0,37.5,Debit Card,Counter_3,712.5
INV1900,2026-06-08,CUST003,PROD001,3,56.0,8.4,Cash,Counter_3,159.6
INV1901,2026-06-08,CUST010,PROD010,1,250.0,25.0,Debit Card,Counter_1,225.0
INV1902,2026-06-08,CUST004,PROD004,2,25.0,0.0,UPI,Counter_3,50.0
INV1903,2026-06-09,CUST002,PROD001,1,56.0,0.0,Debit Card,Counter_3,56.0
INV1904,2026-06-09,CUST006,PROD006,4,150.0,0.0,UPI,Counter_2,600.0
INV1905,2026-06-09,CUST003,PROD007,4,40.0,16.0,Credit Card,Counter_1,144.0
INV1906,2026-06-10,CUST002,PROD005,3,160.0,0.0,Credit Card,Counter_2,480.0
INV1907,2026-06-10,CUST003,PROD001,1,56.0,0.0,Credit Card,Counter_3,56.0
INV1908,2026-06-10,CUST012,PROD009,3,115.0,0.0,UPI,Counter_3,345.0
INV1909,2026-06-10,CUST003,PROD002,1,260.0,0.0,Cash,Counter_1,260.0
INV1910,2026-06-10,CUST013,PROD003,4,510.0,0.0,Credit Card,Counter_3,2040.0
INV1911,2026-06-10,CUST012,PROD001,1,56.0,2.8,UPI,Counter_2,53.2
INV1912,2026-06-11,CUST010,PROD002,3,260.0,0.0,Credit Card,Counter_1,780.0
INV1913,2026-06-11,CUST008,PROD001,3,56.0,0.0,UPI,Counter_1,168.0
INV1914,2026-06-11,CUST010,PROD007,1,40.0,2.0,Debit Card,Counter_1,38.0
INV1915,2026-06-11,CUST009,PROD005,4,160.0,0.0,Cash,Counter_3,640.0
INV1916,2026-06-11,CUST008,PROD004,3,25.0,3.75,Credit Card,Counter_3,71.25
INV1917,2026-06-11,CUST006,PROD010,2,250.0,0.0,Credit Card,Counter_2,500.0
INV1918,2026-06-12,CUST007,PROD002,4,260.0,0.0,UPI,Counter_2,1040.0
INV1919,2026-06-12,CUST012,PROD009,4,115.0,0.0,Cash,Counter_1,460.0
INV1920,2026-06-12,CUST001,PROD008,4,240.0,0.0,Debit Card,Counter_3,960.0
INV1921,2026-06-12,CUST011,PROD002,2,260.0,26.0,Debit Card,Counter_2,494.0
INV1922,2026-06-12,CUST007,PROD007,3,40.0,12.0,UPI,Counter_1,108.0
INV1923,2026-06-12,CUST005,PROD009,1,115.0,11.5,Cash,Counter_3,103.5
INV1924,2026-06-12,CUST005,PROD006,1,150.0,0.0,Cash,Counter_2,150.0
INV1925,2026-06-13,CUST001,PROD001,2,56.0,11.2,Cash,Counter_2,100.8
INV1926,2026-06-13,CUST007,PROD010,3,250.0,75.0,Debit Card,Counter_1,675.0
INV1927,2026-06-13,CUST009,PROD002,3,260.0,0.0,Cash,Counter_1,780.0
INV1928,2026-06-13,CUST005,PROD001,1,56.0,0.0,Debit Card,Counter_2,56.0
INV1929,2026-06-13,CUST012,PROD010,4,250.0,100.0,UPI,Counter_1,900.0
INV1930,2026-06-13,CUST015,PROD008,3,240.0,72.0,UPI,Counter_3,648.0
INV1931,2026-06-14,CUST011,PROD010,1,250.0,12.5,Debit Card,Counter_2,237.5
INV1932,2026-06-14,CUST010,PROD007,4,40.0,0.0,UPI,Counter_1,160.0
INV1933,2026-06-14,CUST005,PROD005,3,160.0,0.0,UPI,Counter_1,480.0
INV1934,2026-06-14,CUST012,PROD005,4,160.0,0.0,UPI,Counter_3,640.0
INV1935,2026-06-14,CUST006,PROD004,4,25.0,5.0,Cash,Counter_3,95.0
INV1936,2026-06-14,CUST015,PROD002,2,260.0,52.0,UPI,Counter_3,468.0
INV1937,2026-06-14,CUST001,PROD001,2,56.0,0.0,UPI,Counter_3,112.0
INV1938,2026-06-15,CUST010,PROD004,2,25.0,0.0,UPI,Counter_1,50.0
INV1939,2026-06-15,CUST015,PROD009,4,115.0,23.0,UPI,Counter_3,437.0
INV1940,2026-06-15,CUST007,PROD006,1,150.0,0.0,Cash,Counter_3,150.0
INV1941,2026-06-15,CUST001,PROD010,4,250.0,0.0,Debit Card,Counter_2,1000.0
INV1942,2026-06-16,CUST012,PROD007,4,40.0,0.0,Cash,Counter_2,160.0
INV1943,2026-06-16,CUST009,PROD010,2,250.0,25.0,Debit Card,Counter_2,475.0
INV1944,2026-06-16,CUST012,PROD006,1,150.0,15.0,Credit Card,Counter_1,135.0
INV1945,2026-06-16,CUST008,PROD009,1,115.0,11.5,UPI,Counter_2,103.5
INV1946,2026-06-16,CUST012,PROD005,4,160.0,0.0,Credit Card,Counter_3,640.0
INV1947,2026-06-17,CUST014,PROD010,1,250.0,12.5,Debit Card,Counter_1,237.5
INV1948,2026-06-17,CUST006,PROD009,2,115.0,0.0,Cash,Counter_3,230.0
INV1949,2026-06-17,CUST009,PROD003,1,510.0,25.5,UPI,Counter_3,484.5
INV1950,2026-06-17,CUST011,PROD003,1,510.0,0.0,Debit Card,Counter_3,510.0
INV1951,2026-06-17,CUST010,PROD001,3,56.0,0.0,UPI,Counter_3,168.0
INV1952,2026-06-17,CUST005,PROD007,3,40.0,0.0,UPI,Counter_1,120.0
INV1953,2026-06-17,CUST013,PROD010,1,250.0,25.0,UPI,Counter_1,225.0
INV1954,2026-06-17,CUST007,PROD008,4,240.0,48.0,UPI,Counter_2,912.0
INV1955,2026-06-18,CUST008,PROD009,2,115.0,23.0,UPI,Counter_3,207.0
INV1956,2026-06-18,CUST012,PROD003,1,510.0,0.0,Credit Card,Counter_2,510.0
INV1957,2026-06-18,CUST004,PROD001,2,56.0,0.0,Debit Card,Counter_2,112.0
INV1958,2026-06-18,CUST005,PROD008,4,240.0,48.0,UPI,Counter_3,912.0
INV1959,2026-06-18,CUST012,PROD001,1,56.0,2.8,UPI,Counter_1,53.2
INV1960,2026-06-18,CUST013,PROD006,3,150.0,22.5,Credit Card,Counter_3,427.5
INV1961,2026-06-18,CUST011,PROD003,4,510.0,204.0,Debit Card,Counter_2,1836.0
INV1962,2026-06-18,CUST006,PROD001,4,56.0,22.4,UPI,Counter_1,201.6
INV1963,2026-06-19,CUST008,PROD003,3,510.0,153.0,Debit Card,Counter_3,1377.0
INV1964,2026-06-19,CUST011,PROD001,2,56.0,11.2,UPI,Counter_3,100.8
INV1965,2026-06-19,CUST001,PROD002,1,260.0,26.0,Credit Card,Counter_3,234.0
INV1966,2026-06-20,CUST010,PROD005,3,160.0,0.0,UPI,Counter_2,480.0
INV1967,2026-06-20,CUST002,PROD006,4,150.0,0.0,Cash,Counter_2,600.0
INV1968,2026-06-20,CUST007,PROD001,1,56.0,5.6,UPI,Counter_3,50.4
INV1969,2026-06-21,CUST007,PROD003,2,510.0,0.0,Cash,Counter_3,1020.0
INV1970,2026-06-21,CUST015,PROD002,4,260.0,0.0,UPI,Counter_3,1040.0
INV1971,2026-06-21,CUST001,PROD003,4,510.0,204.0,Debit Card,Counter_3,1836.0
INV1972,2026-06-21,CUST008,PROD001,3,56.0,16.8,Debit Card,Counter_1,151.2
INV1973,2026-06-22,CUST003,PROD010,1,250.0,0.0,Debit Card,Counter_1,250.0
INV1974,2026-06-22,CUST004,PROD008,2,240.0,0.0,UPI,Counter_1,480.0
INV1975,2026-06-22,CUST009,PROD002,1,260.0,0.0,UPI,Counter_2,260.0
INV1976,2026-06-23,CUST006,PROD010,4,250.0,50.0,Credit Card,Counter_1,950.0
INV1977,2026-06-23,CUST002,PROD001,2,56.0,5.6,Cash,Counter_2,106.4
INV1978,2026-06-23,CUST013,PROD003,2,510.0,102.0,UPI,Counter_2,918.0
INV1979,2026-06-23,CUST002,PROD001,4,56.0,0.0,UPI,Counter_3,224.0
INV1980,2026-06-23,CUST002,PROD003,2,510.0,0.0,UPI,Counter_3,1020.0
INV1981,2026-06-24,CUST008,PROD009,1,115.0,5.75,Cash,Counter_3,109.25
INV1982,2026-06-24,CUST013,PROD009,1,115.0,0.0,Debit Card,Counter_2,115.0
INV1983,2026-06-24,CUST013,PROD006,2,150.0,0.0,Cash,Counter_3,300.0
INV1984,2026-06-24,CUST005,PROD007,4,40.0,8.0,Credit Card,Counter_2,152.0
INV1985,2026-06-24,CUST008,PROD005,1,160.0,0.0,UPI,Counter_1,160.0
INV1986,2026-06-24,CUST012,PROD008,3,240.0,36.0,Cash,Counter_3,684.0
INV1987,2026-06-24,CUST002,PROD009,3,115.0,0.0,Debit Card,Counter_1,345.0
INV1988,2026-06-25,CUST004,PROD010,3,250.0,0.0,Debit Card,Counter_3,750.0
INV1989,2026-06-25,CUST002,PROD001,1,56.0,0.0,UPI,Counter_2,56.0
INV1990,2026-06-25,CUST007,PROD008,2,240.0,24.0,Credit Card,Counter_1,456.0
INV1991,2026-06-26,CUST005,PROD005,3,160.0,0.0,UPI,Counter_3,480.0
INV1992,2026-06-26,CUST011,PROD003,1,510.0,0.0,Credit Card,Counter_1,510.0
INV1993,2026-06-26,CUST010,PROD004,2,25.0,0.0,Debit Card,Counter_1,50.0
INV1994,2026-06-26,CUST014,PROD009,3,115.0,34.5,UPI,Counter_2,310.5
INV1995,2026-06-26,CUST012,PROD001,1,56.0,0.0,Cash,Counter_3,56.0
INV1996,2026-06-26,CUST004,PROD010,3,250.0,37.5,Credit Card,Counter_1,712.5
INV1997,2026-06-27,CUST009,PROD010,2,250.0,0.0,Credit Card,Counter_2,500.0
INV1998,2026-06-27,CUST003,PROD009,3,115.0,0.0,UPI,Counter_3,345.0
INV1999,2026-06-27,CUST009,PROD001,2,56.0,11.2,UPI,Counter_3,100.8
INV2000,2026-06-27,CUST005,PROD005,3,160.0,48.0,UPI,Counter_1,432.0
INV2001,2026-06-28,CUST014,PROD006,2,150.0,30.0,UPI,Counter_3,270.0
INV2002,2026-06-28,CUST009,PROD010,4,250.0,100.0,Debit Card,Counter_3,900.0
INV2003,2026-06-28,CUST011,PROD004,3,25.0,7.5,UPI,Counter_1,67.5
INV2004,2026-06-28,CUST008,PROD003,4,510.0,0.0,UPI,Counter_2,2040.0
INV2005,2026-06-28,CUST009,PROD003,3,510.0,0.0,Credit Card,Counter_3,1530.0
INV2006,2026-06-28,CUST006,PROD008,1,240.0,12.0,UPI,Counter_3,228.0
INV2007,2026-06-28,CUST008,PROD009,3,115.0,34.5,UPI,Counter_2,310.5
INV2008,2026-06-29,CUST001,PROD002,3,260.0,78.0,UPI,Counter_2,702.0
INV2009,2026-06-29,CUST002,PROD007,3,40.0,0.0,UPI,Counter_3,120.0
INV2010,2026-06-29,CUST015,PROD006,2,150.0,0.0,UPI,Counter_1,300.0
INV2011,2026-06-29,CUST011,PROD006,1,150.0,0.0,Cash,Counter_3,150.0
INV2012,2026-06-29,CUST010,PROD003,3,510.0,153.0,UPI,Counter_2,1377.0
INV2013,2026-06-30,CUST010,PROD008,3,240.0,0.0,Cash,Counter_2,720.0
INV2014,2026-06-30,CUST012,PROD001,4,56.0,11.2,Debit Card,Counter_3,212.8
INV2015,2026-06-30,CUST002,PROD010,4,250.0,50.0,Cash,Counter_3,950.0
INV2016,2026-07-01,CUST010,PROD010,3,250.0,75.0,UPI,Counter_1,675.0
INV2017,2026-07-01,CUST014,PROD005,4,160.0,32.0,UPI,Counter_2,608.0
INV2018,2026-07-01,CUST001,PROD003,4,510.0,0.0,UPI,Counter_3,2040.0
INV2019,2026-07-01,CUST013,PROD004,3,25.0,0.0,Credit Card,Counter_1,75.0
INV2020,2026-07-01,CUST013,PROD001,2,56.0,0.0,Cash,Counter_3,112.0
INV2021,2026-07-01,CUST011,PROD008,4,240.0,96.0,UPI,Counter_2,864.0
INV2022,2026-07-01,CUST006,PROD008,1,240.0,0.0,UPI,Counter_2,240.0
INV2023,2026-07-02,CUST011,PROD004,2,25.0,0.0,UPI,Counter_1,50.0
INV2024,2026-07-02,CUST004,PROD002,1,260.0,13.0,UPI,Counter_1,247.0
INV2025,2026-07-02,CUST008,PROD002,1,260.0,0.0,UPI,Counter_2,260.0
INV2026,2026-07-02,CUST015,PROD006,3,150.0,22.5,UPI,Counter_3,427.5
INV2027,2026-07-02,CUST004,PROD006,3,150.0,0.0,Credit Card,Counter_3,450.0
INV2028,2026-07-02,CUST006,PROD001,2,56.0,11.2,Credit Card,Counter_2,100.8
INV2029,2026-07-02,CUST006,PROD009,1,115.0,11.5,UPI,Counter_3,103.5
INV2030,2026-07-02,CUST001,PROD007,2,40.0,0.0,Credit Card,Counter_3,80.0
INV2031,2026-07-03,CUST006,PROD006,4,150.0,0.0,UPI,Counter_3,600.0
INV2032,2026-07-03,CUST001,PROD004,4,25.0,5.0,UPI,Counter_2,95.0
INV2033,2026-07-03,CUST002,PROD010,1,250.0,12.5,UPI,Counter_2,237.5
INV2034,2026-07-03,CUST014,PROD003,2,510.0,0.0,Cash,Counter_1,1020.0
INV2035,2026-07-03,CUST015,PROD010,1,250.0,12.5,UPI,Counter_1,237.5
INV2036,2026-07-04,CUST006,PROD008,1,240.0,24.0,Credit Card,Counter_1,216.0
INV2037,2026-07-04,CUST011,PROD001,4,56.0,0.0,Credit Card,Counter_2,224.0
INV2038,2026-07-04,CUST002,PROD004,4,25.0,5.0,UPI,Counter_1,95.0
INV2039,2026-07-04,CUST004,PROD010,2,250.0,50.0,Credit Card,Counter_2,450.0
INV2040,2026-07-04,CUST007,PROD002,1,260.0,0.0,Cash,Counter_2,260.0
INV2041,2026-07-04,CUST014,PROD010,4,250.0,0.0,Debit Card,Counter_3,1000.0
INV2042,2026-07-05,CUST003,PROD010,3,250.0,0.0,Debit Card,Counter_3,750.0
INV2043,2026-07-05,CUST010,PROD004,4,25.0,10.0,Credit Card,Counter_2,90.0
INV2044,2026-07-05,CUST002,PROD008,1,240.0,0.0,UPI,Counter_2,240.0
INV2045,2026-07-05,CUST010,PROD001,3,56.0,0.0,UPI,Counter_1,168.0
INV2046,2026-07-05,CUST010,PROD005,4,160.0,0.0,Debit Card,Counter_3,640.0
INV2047,2026-07-06,CUST013,PROD008,4,240.0,0.0,UPI,Counter_1,960.0
INV2048,2026-07-06,CUST001,PROD001,2,56.0,11.2,UPI,Counter_3,100.8
INV2049,2026-07-06,CUST001,PROD004,2,25.0,0.0,UPI,Counter_3,50.0
INV2050,2026-07-06,CUST008,PROD009,4,115.0,46.0,Cash,Counter_1,414.0
INV2051,2026-07-06,CUST014,PROD004,2,25.0,5.0,UPI,Counter_1,45.0
INV2052,2026-07-06,CUST002,PROD008,2,240.0,0.0,Credit Card,Counter_2,480.0
INV2053,2026-07-06,CUST005,PROD007,3,40.0,12.0,UPI,Counter_1,108.0
INV2054,2026-07-06,CUST006,PROD009,2,115.0,11.5,UPI,Counter_3,218.5
INV2055,2026-07-07,CUST005,PROD004,4,25.0,0.0,Credit Card,Counter_3,100.0
INV2056,2026-07-07,CUST004,PROD008,1,240.0,0.0,UPI,Counter_1,240.0
INV2057,2026-07-07,CUST012,PROD001,2,56.0,0.0,Cash,Counter_3,112.0
INV2058,2026-07-08,CUST001,PROD006,4,150.0,0.0,UPI,Counter_1,600.0
INV2059,2026-07-08,CUST005,PROD003,1,510.0,25.5,UPI,Counter_1,484.5
INV2060,2026-07-08,CUST001,PROD008,2,240.0,48.0,Cash,Counter_1,432.0
INV2061,2026-07-08,CUST005,PROD010,4,250.0,0.0,Debit Card,Counter_3,1000.0
INV2062,2026-07-09,CUST013,PROD007,2,40.0,0.0,Debit Card,Counter_1,80.0
INV2063,2026-07-09,CUST003,PROD007,4,40.0,8.0,Credit Card,Counter_3,152.0
INV2064,2026-07-09,CUST002,PROD003,2,510.0,0.0,UPI,Counter_1,1020.0
INV2065,2026-07-09,CUST001,PROD005,4,160.0,64.0,UPI,Counter_1,576.0
INV2066,2026-07-10,CUST007,PROD007,3,40.0,6.0,Credit Card,Counter_2,114.0
INV2067,2026-07-10,CUST002,PROD003,4,510.0,0.0,Debit Card,Counter_1,2040.0
INV2068,2026-07-10,CUST005,PROD001,1,56.0,2.8,Credit Card,Counter_2,53.2
INV2069,2026-07-11,CUST012,PROD005,1,160.0,16.0,Credit Card,Counter_3,144.0
INV2070,2026-07-11,CUST006,PROD001,3,56.0,16.8,Debit Card,Counter_2,151.2
INV2071,2026-07-11,CUST008,PROD003,4,510.0,0.0,UPI,Counter_1,2040.0
INV2072,2026-07-11,CUST015,PROD009,4,115.0,46.0,Credit Card,Counter_3,414.0
INV2073,2026-07-12,CUST006,PROD007,1,40.0,4.0,UPI,Counter_2,36.0
INV2074,2026-07-12,CUST013,PROD004,4,25.0,10.0,Credit Card,Counter_1,90.0
INV2075,2026-07-12,CUST009,PROD006,2,150.0,0.0,Credit Card,Counter_3,300.0
INV2076,2026-07-13,CUST014,PROD006,2,150.0,0.0,Credit Card,Counter_2,300.0
INV2077,2026-07-13,CUST009,PROD001,2,56.0,0.0,Cash,Counter_1,112.0
INV2078,2026-07-13,CUST004,PROD008,4,240.0,0.0,Debit Card,Counter_3,960.0
INV2079,2026-07-13,CUST002,PROD004,1,25.0,0.0,Cash,Counter_2,25.0
INV2080,2026-07-13,CUST003,PROD001,2,56.0,5.6,Cash,Counter_2,106.4
INV2081,2026-07-13,CUST003,PROD004,4,25.0,0.0,Cash,Counter_1,100.0
INV2082,2026-07-13,CUST002,PROD003,3,510.0,76.5,Cash,Counter_1,1453.5
INV2083,2026-07-14,CUST001,PROD006,2,150.0,15.0,Credit Card,Counter_2,285.0
INV2084,2026-07-14,CUST008,PROD001,3,56.0,16.8,Credit Card,Counter_3,151.2
INV2085,2026-07-14,CUST002,PROD002,4,260.0,0.0,Cash,Counter_1,1040.0
INV2086,2026-07-14,CUST010,PROD010,1,250.0,25.0,UPI,Counter_2,225.0
INV2087,2026-07-14,CUST010,PROD009,1,115.0,11.5,Debit Card,Counter_3,103.5
INV2088,2026-07-14,CUST005,PROD001,3,56.0,0.0,Credit Card,Counter_2,168.0
INV2089,2026-07-14,CUST012,PROD001,1,56.0,5.6,Credit Card,Counter_3,50.4
INV2090,2026-07-14,CUST007,PROD009,3,115.0,34.5,Credit Card,Counter_3,310.5
INV2091,2026-07-15,CUST015,PROD005,1,160.0,16.0,UPI,Counter_1,144.0
INV2092,2026-07-15,CUST011,PROD003,4,510.0,102.0,Credit Card,Counter_1,1938.0
INV2093,2026-07-15,CUST007,PROD005,1,160.0,0.0,UPI,Counter_3,160.0
INV2094,2026-07-15,CUST014,PROD003,4,510.0,0.0,Debit Card,Counter_3,2040.0
INV2095,2026-07-15,CUST002,PROD009,4,115.0,46.0,Cash,Counter_1,414.0
INV2096,2026-07-16,CUST009,PROD007,3,40.0,0.0,UPI,Counter_1,120.0
INV2097,2026-07-16,CUST004,PROD006,1,150.0,0.0,Credit Card,Counter_1,150.0
INV2098,2026-07-16,CUST012,PROD002,2,260.0,52.0,UPI,Counter_2,468.0
INV2099,2026-07-16,CUST011,PROD003,2,510.0,102.0,UPI,Counter_1,918.0
INV2100,2026-07-16,CUST013,PROD001,2,56.0,5.6,UPI,Counter_2,106.4
INV2101,2026-07-16,CUST012,PROD010,4,250.0,50.0,UPI,Counter_1,950.0
INV2102,2026-07-17,CUST005,PROD008,1,240.0,12.0,UPI,Counter_3,228.0
INV2103,2026-07-17,CUST002,PROD006,1,150.0,15.0,Debit Card,Counter_3,135.0
INV2104,2026-07-17,CUST015,PROD003,3,510.0,0.0,Credit Card,Counter_1,1530.0
INV2105,2026-07-17,CUST004,PROD006,4,150.0,0.0,Credit Card,Counter_2,600.0
INV2106,2026-07-18,CUST001,PROD010,3,250.0,37.5,Debit Card,Counter_1,712.5
INV2107,2026-07-18,CUST012,PROD004,3,25.0,7.5,UPI,Counter_3,67.5
INV2108,2026-07-18,CUST006,PROD006,2,150.0,0.0,UPI,Counter_1,300.0
INV2109,2026-07-19,CUST010,PROD008,4,240.0,0.0,Debit Card,Counter_1,960.0
INV2110,2026-07-19,CUST013,PROD009,4,115.0,0.0,Cash,Counter_3,460.0
INV2111,2026-07-19,CUST010,PROD007,4,40.0,0.0,Cash,Counter_1,160.0
INV2112,2026-07-19,CUST006,PROD009,4,115.0,0.0,UPI,Counter_2,460.0
INV2113,2026-07-19,CUST014,PROD004,2,25.0,0.0,Cash,Counter_3,50.0
INV2114,2026-07-19,CUST004,PROD010,2,250.0,0.0,Debit Card,Counter_2,500.0
INV2115,2026-07-20,CUST012,PROD004,2,25.0,5.0,UPI,Counter_3,45.0
INV2116,2026-07-20,CUST001,PROD008,3,240.0,0.0,UPI,Counter_1,720.0
INV2117,2026-07-20,CUST015,PROD007,3,40.0,6.0,UPI,Counter_1,114.0
INV2118,2026-07-20,CUST002,PROD003,1,510.0,0.0,Cash,Counter_1,510.0
INV2119,2026-07-20,CUST002,PROD005,3,160.0,0.0,Cash,Counter_1,480.0
INV2120,2026-07-21,CUST005,PROD001,4,56.0,11.2,Cash,Counter_1,212.8
INV2121,2026-07-21,CUST001,PROD002,2,260.0,0.0,UPI,Counter_3,520.0
INV2122,2026-07-21,CUST011,PROD008,3,240.0,72.0,Debit Card,Counter_2,648.0
INV2123,2026-07-21,CUST009,PROD002,3,260.0,0.0,Cash,Counter_1,780.0
INV2124,2026-07-21,CUST008,PROD007,4,40.0,0.0,UPI,Counter_3,160.0
INV2125,2026-07-22,CUST002,PROD005,3,160.0,24.0,Debit Card,Counter_1,456.0
INV2126,2026-07-22,CUST001,PROD003,3,510.0,153.0,Credit Card,Counter_3,1377.0
INV2127,2026-07-22,CUST007,PROD008,1,240.0,24.0,Debit Card,Counter_3,216.0
INV2128,2026-07-23,CUST004,PROD008,2,240.0,0.0,UPI,Counter_3,480.0
INV2129,2026-07-23,CUST007,PROD001,4,56.0,22.4,UPI,Counter_3,201.6
INV2130,2026-07-23,CUST011,PROD005,1,160.0,8.0,Cash,Counter_2,152.0
INV2131,2026-07-23,CUST010,PROD010,1,250.0,0.0,UPI,Counter_3,250.0
INV2132,2026-07-24,CUST003,PROD009,3,115.0,0.0,Cash,Counter_3,345.0
INV2133,2026-07-24,CUST014,PROD009,4,115.0,0.0,UPI,Counter_3,460.0
INV2134,2026-07-24,CUST007,PROD010,2,250.0,0.0,UPI,Counter_2,500.0
INV2135,2026-07-24,CUST003,PROD009,2,115.0,0.0,Credit Card,Counter_3,230.0
INV2136,2026-07-24,CUST011,PROD005,1,160.0,16.0,Debit Card,Counter_2,144.0
INV2137,2026-07-24,CUST007,PROD010,1,250.0,12.5,Credit Card,Counter_1,237.5
INV2138,2026-07-24,CUST005,PROD001,3,56.0,0.0,UPI,Counter_1,168.0
INV2139,2026-07-24,CUST014,PROD005,2,160.0,0.0,Credit Card,Counter_3,320.0
INV2140,2026-07-25,CUST004,PROD009,4,115.0,0.0,Cash,Counter_1,460.0
INV2141,2026-07-25,CUST004,PROD004,3,25.0,3.75,Credit Card,Counter_3,71.25
INV2142,2026-07-25,CUST014,PROD009,2,115.0,23.0,UPI,Counter_3,207.0
INV2143,2026-07-25,CUST010,PROD002,1,260.0,26.0,UPI,Counter_2,234.0
INV2144,2026-07-26,CUST014,PROD001,4,56.0,0.0,Cash,Counter_1,224.0
INV2145,2026-07-26,CUST012,PROD003,4,510.0,0.0,UPI,Counter_3,2040.0
INV2146,2026-07-26,CUST012,PROD008,2,240.0,0.0,Debit Card,Counter_2,480.0
INV2147,2026-07-26,CUST004,PROD003,1,510.0,0.0,UPI,Counter_2,510.0
INV2148,2026-07-27,CUST013,PROD002,3,260.0,78.0,Credit Card,Counter_2,702.0
INV2149,2026-07-27,CUST009,PROD001,1,56.0,5.6,Debit Card,Counter_2,50.4
INV2150,2026-07-27,CUST012,PROD004,2,25.0,2.5,Debit Card,Counter_3,47.5
INV2151,2026-07-27,CUST011,PROD006,2,150.0,0.0,Credit Card,Counter_1,300.0
INV2152,2026-07-27,CUST002,PROD006,4,150.0,60.0,UPI,Counter_2,540.0
INV2153,2026-07-28,CUST013,PROD007,4,40.0,0.0,UPI,Counter_1,160.0
INV2154,2026-07-28,CUST006,PROD002,4,260.0,52.0,UPI,Counter_3,988.0
INV2155,2026-07-28,CUST004,PROD002,4,260.0,0.0,Cash,Counter_2,1040.0
INV2156,2026-07-28,CUST002,PROD009,3,115.0,0.0,Cash,Counter_1,345.0
INV2157,2026-07-29,CUST008,PROD005,3,160.0,0.0,UPI,Counter_1,480.0
INV2158,2026-07-29,CUST003,PROD004,2,25.0,0.0,Cash,Counter_2,50.0
INV2159,2026-07-29,CUST014,PROD003,4,510.0,0.0,UPI,Counter_2,2040.0
INV2160,2026-07-29,CUST013,PROD003,4,510.0,102.0,Credit Card,Counter_1,1938.0
INV2161,2026-07-29,CUST009,PROD006,3,150.0,45.0,UPI,Counter_1,405.0
INV2162,2026-07-29,CUST008,PROD007,4,40.0,0.0,Credit Card,Counter_1,160.0
INV2163,2026-07-29,CUST001,PROD007,4,40.0,0.0,UPI,Counter_1,160.0
INV2164,2026-07-30,CUST003,PROD006,1,150.0,15.0,Debit Card,Counter_1,135.0
INV2165,2026-07-30,CUST015,PROD009,3,115.0,0.0,Credit Card,Counter_3,345.0
INV2166,2026-07-30,CUST009,PROD007,2,40.0,0.0,Credit Card,Counter_1,80.0
INV2167,2026-07-31,CUST005,PROD003,4,510.0,0.0,Debit Card,Counter_2,2040.0
INV2168,2026-07-31,CUST010,PROD001,4,56.0,0.0,Credit Card,Counter_1,224.0
INV2169,2026-07-31,CUST011,PROD004,4,25.0,5.0,UPI,Counter_1,95.0
INV2170,2026-07-31,CUST008,PROD006,4,150.0,0.0,Credit Card,Counter_1,600.0
INV2171,2026-07-31,CUST011,PROD002,1,260.0,0.0,Credit Card,Counter_2,260.0
INV2172,2026-07-31,CUST009,PROD003,2,510.0,0.0,UPI,Counter_2,1020.0
INV2173,2026-07-31,CUST006,PROD010,2,250.0,0.0,UPI,Counter_1,500.0
INV2174,2026-08-01,CUST008,PROD008,4,240.0,0.0,UPI,Counter_1,960.0
INV2175,2026-08-01,CUST010,PROD001,3,56.0,0.0,Cash,Counter_2,168.0
INV2176,2026-08-01,CUST010,PROD001,4,56.0,0.0,UPI,Counter_1,224.0
INV2177,2026-08-01,CUST003,PROD001,4,56.0,0.0,Cash,Counter_2,224.0
INV2178,2026-08-01,CUST010,PROD007,2,40.0,4.0,Cash,Counter_3,76.0
INV2179,2026-08-02,CUST010,PROD003,3,510.0,153.0,Cash,Counter_1,1377.0
INV2180,2026-08-02,CUST011,PROD009,3,115.0,34.5,Credit Card,Counter_2,310.5
INV2181,2026-08-02,CUST015,PROD003,3,510.0,0.0,Cash,Counter_3,1530.0
INV2182,2026-08-03,CUST004,PROD010,4,250.0,0.0,Credit Card,Counter_1,1000.0
INV2183,2026-08-03,CUST010,PROD010,3,250.0,0.0,UPI,Counter_2,750.0
INV2184,2026-08-03,CUST015,PROD002,1,260.0,0.0,UPI,Counter_2,260.0
INV2185,2026-08-03,CUST004,PROD006,2,150.0,0.0,UPI,Counter_2,300.0
INV2186,2026-08-03,CUST002,PROD008,1,240.0,24.0,Cash,Counter_2,216.0
INV2187,2026-08-04,CUST014,PROD003,1,510.0,51.0,UPI,Counter_2,459.0
INV2188,2026-08-04,CUST014,PROD005,2,160.0,0.0,UPI,Counter_1,320.0
INV2189,2026-08-04,CUST015,PROD008,3,240.0,36.0,Cash,Counter_1,684.0
INV2190,2026-08-04,CUST010,PROD004,2,25.0,0.0,Cash,Counter_1,50.0
INV2191,2026-08-05,CUST005,PROD001,4,56.0,0.0,Credit Card,Counter_1,224.0
INV2192,2026-08-05,CUST005,PROD009,4,115.0,23.0,UPI,Counter_3,437.0
INV2193,2026-08-05,CUST013,PROD001,3,56.0,0.0,Debit Card,Counter_3,168.0
INV2194,2026-08-05,CUST013,PROD010,2,250.0,25.0,UPI,Counter_1,475.0
INV2195,2026-08-06,CUST013,PROD004,4,25.0,0.0,UPI,Counter_1,100.0
INV2196,2026-08-06,CUST015,PROD009,1,115.0,0.0,UPI,Counter_2,115.0
INV2197,2026-08-06,CUST002,PROD010,3,250.0,75.0,UPI,Counter_3,675.0
INV2198,2026-08-06,CUST009,PROD004,4,25.0,0.0,Cash,Counter_2,100.0
INV2199,2026-08-07,CUST012,PROD010,3,250.0,37.5,Credit Card,Counter_2,712.5
INV2200,2026-08-07,CUST008,PROD009,1,115.0,5.75,Debit Card,Counter_3,109.25
INV2201,2026-08-07,CUST013,PROD005,1,160.0,16.0,Cash,Counter_1,144.0
INV2202,2026-08-07,CUST012,PROD006,3,150.0,0.0,Credit Card,Counter_1,450.0
INV2203,2026-08-07,CUST011,PROD003,2,510.0,0.0,UPI,Counter_3,1020.0
INV2204,2026-08-08,CUST014,PROD001,4,56.0,22.4,Cash,Counter_2,201.6
INV2205,2026-08-08,CUST006,PROD003,3,510.0,0.0,Debit Card,Counter_1,1530.0
INV2206,2026-08-08,CUST005,PROD010,1,250.0,25.0,Debit Card,Counter_3,225.0
INV2207,2026-08-08,CUST015,PROD004,3,25.0,7.5,UPI,Counter_1,67.5
INV2208,2026-08-09,CUST010,PROD009,3,115.0,17.25,Cash,Counter_1,327.75
INV2209,2026-08-09,CUST007,PROD004,2,25.0,0.0,Cash,Counter_3,50.0
INV2210,2026-08-09,CUST004,PROD002,2,260.0,52.0,Cash,Counter_1,468.0
INV2211,2026-08-09,CUST005,PROD008,3,240.0,72.0,UPI,Counter_1,648.0
INV2212,2026-08-09,CUST012,PROD008,4,240.0,0.0,UPI,Counter_2,960.0
INV2213,2026-08-09,CUST015,PROD009,4,115.0,23.0,UPI,Counter_1,437.0
INV2214,2026-08-10,CUST006,PROD002,3,260.0,0.0,Credit Card,Counter_3,780.0
INV2215,2026-08-10,CUST006,PROD004,3,25.0,0.0,Debit Card,Counter_3,75.0
INV2216,2026-08-10,CUST005,PROD008,3,240.0,36.0,Cash,Counter_1,684.0
INV2217,2026-08-10,CUST001,PROD002,4,260.0,52.0,UPI,Counter_3,988.0
INV2218,2026-08-10,CUST004,PROD001,3,56.0,8.4,Cash,Counter_1,159.6
INV2219,2026-08-11,CUST015,PROD001,4,56.0,0.0,Credit Card,Counter_2,224.0
INV2220,2026-08-11,CUST010,PROD006,2,150.0,30.0,UPI,Counter_2,270.0
INV2221,2026-08-11,CUST007,PROD005,4,160.0,0.0,Debit Card,Counter_3,640.0
INV2222,2026-08-11,CUST014,PROD008,4,240.0,96.0,Cash,Counter_1,864.0
INV2223,2026-08-11,CUST002,PROD006,2,150.0,15.0,UPI,Counter_1,285.0
INV2224,2026-08-12,CUST009,PROD004,2,25.0,0.0,Cash,Counter_2,50.0
INV2225,2026-08-12,CUST013,PROD003,2,510.0,51.0,Debit Card,Counter_2,969.0
INV2226,2026-08-12,CUST010,PROD002,3,260.0,78.0,UPI,Counter_1,702.0
INV2227,2026-08-13,CUST006,PROD008,3,240.0,36.0,Cash,Counter_2,684.0
INV2228,2026-08-13,CUST010,PROD009,2,115.0,0.0,Credit Card,Counter_1,230.0
INV2229,2026-08-13,CUST005,PROD004,4,25.0,10.0,Credit Card,Counter_2,90.0
INV2230,2026-08-13,CUST003,PROD008,2,240.0,24.0,Debit Card,Counter_1,456.0
INV2231,2026-08-13,CUST008,PROD005,1,160.0,0.0,UPI,Counter_3,160.0
INV2232,2026-08-13,CUST004,PROD002,4,260.0,104.0,Cash,Counter_2,936.0
INV2233,2026-08-13,CUST011,PROD010,2,250.0,0.0,Debit Card,Counter_2,500.0
INV2234,2026-08-14,CUST009,PROD006,1,150.0,7.5,Debit Card,Counter_2,142.5
INV2235,2026-08-14,CUST001,PROD009,1,115.0,0.0,UPI,Counter_1,115.0
INV2236,2026-08-14,CUST007,PROD003,4,510.0,102.0,UPI,Counter_1,1938.0
INV2237,2026-08-14,CUST002,PROD004,3,25.0,3.75,Cash,Counter_1,71.25
INV2238,2026-08-14,CUST010,PROD008,2,240.0,0.0,Cash,Counter_3,480.0
INV2239,2026-08-14,CUST012,PROD007,2,40.0,8.0,Cash,Counter_3,72.0
INV2240,2026-08-14,CUST010,PROD007,4,40.0,0.0,Cash,Counter_2,160.0
INV2241,2026-08-14,CUST013,PROD010,3,250.0,0.0,UPI,Counter_2,750.0
INV2242,2026-08-15,CUST013,PROD010,1,250.0,25.0,Cash,Counter_3,225.0
INV2243,2026-08-15,CUST001,PROD007,3,40.0,0.0,UPI,Counter_2,120.0
INV2244,2026-08-15,CUST014,PROD007,2,40.0,4.0,UPI,Counter_2,76.0
INV2245,2026-08-15,CUST012,PROD008,3,240.0,0.0,Credit Card,Counter_3,720.0
INV2246,2026-08-15,CUST002,PROD009,1,115.0,0.0,Cash,Counter_2,115.0
INV2247,2026-08-15,CUST008,PROD001,4,56.0,22.4,UPI,Counter_1,201.6
INV2248,2026-08-15,CUST004,PROD006,1,150.0,7.5,UPI,Counter_3,142.5
INV2249,2026-08-15,CUST009,PROD010,4,250.0,100.0,Cash,Counter_1,900.0
INV2250,2026-08-16,CUST003,PROD007,4,40.0,8.0,UPI,Counter_1,152.0
INV2251,2026-08-16,CUST014,PROD008,1,240.0,0.0,Cash,Counter_2,240.0
INV2252,2026-08-16,CUST014,PROD004,4,25.0,0.0,UPI,Counter_3,100.0
INV2253,2026-08-17,CUST005,PROD009,2,115.0,0.0,Debit Card,Counter_2,230.0
INV2254,2026-08-17,CUST007,PROD004,3,25.0,0.0,UPI,Counter_2,75.0
INV2255,2026-08-17,CUST015,PROD008,4,240.0,48.0,UPI,Counter_3,912.0
INV2256,2026-08-17,CUST006,PROD006,3,150.0,0.0,UPI,Counter_3,450.0
INV2257,2026-08-17,CUST002,PROD005,1,160.0,0.0,Credit Card,Counter_2,160.0
INV2258,2026-08-17,CUST012,PROD005,2,160.0,32.0,Debit Card,Counter_2,288.0
INV2259,2026-08-17,CUST011,PROD010,1,250.0,12.5,UPI,Counter_3,237.5
INV2260,2026-08-18,CUST009,PROD001,4,56.0,0.0,Debit Card,Counter_1,224.0
INV2261,2026-08-18,CUST014,PROD005,2,160.0,0.0,UPI,Counter_1,320.0
INV2262,2026-08-18,CUST003,PROD004,2,25.0,5.0,UPI,Counter_3,45.0
INV2263,2026-08-18,CUST009,PROD005,4,160.0,0.0,Debit Card,Counter_2,640.0
INV2264,2026-08-18,CUST004,PROD002,2,260.0,0.0,UPI,Counter_1,520.0
INV2265,2026-08-18,CUST007,PROD001,3,56.0,0.0,Credit Card,Counter_3,168.0
INV2266,2026-08-18,CUST001,PROD004,1,25.0,2.5,UPI,Counter_2,22.5
INV2267,2026-08-19,CUST012,PROD006,3,150.0,22.5,Credit Card,Counter_1,427.5
INV2268,2026-08-19,CUST006,PROD003,3,510.0,153.0,UPI,Counter_1,1377.0
INV2269,2026-08-19,CUST009,PROD005,1,160.0,0.0,UPI,Counter_2,160.0
INV2270,2026-08-19,CUST007,PROD002,3,260.0,0.0,Credit Card,Counter_2,780.0
INV2271,2026-08-19,CUST006,PROD009,4,115.0,23.0,UPI,Counter_3,437.0
INV2272,2026-08-19,CUST001,PROD009,3,115.0,0.0,UPI,Counter_1,345.0
INV2273,2026-08-19,CUST010,PROD002,4,260.0,104.0,Cash,Counter_2,936.0
INV2274,2026-08-20,CUST009,PROD008,4,240.0,48.0,UPI,Counter_2,912.0
INV2275,2026-08-20,CUST010,PROD003,1,510.0,25.5,UPI,Counter_3,484.5
INV2276,2026-08-20,CUST004,PROD001,1,56.0,5.6,UPI,Counter_3,50.4
INV2277,2026-08-20,CUST004,PROD002,2,260.0,52.0,Cash,Counter_3,468.0
INV2278,2026-08-20,CUST006,PROD001,3,56.0,0.0,UPI,Counter_3,168.0
INV2279,2026-08-20,CUST005,PROD004,1,25.0,2.5,UPI,Counter_3,22.5
INV2280,2026-08-21,CUST015,PROD007,1,40.0,4.0,Credit Card,Counter_3,36.0
INV2281,2026-08-21,CUST006,PROD004,4,25.0,10.0,UPI,Counter_3,90.0
INV2282,2026-08-21,CUST013,PROD009,4,115.0,46.0,Cash,Counter_3,414.0
INV2283,2026-08-21,CUST001,PROD003,3,510.0,0.0,Debit Card,Counter_3,1530.0
INV2284,2026-08-21,CUST001,PROD008,4,240.0,48.0,UPI,Counter_1,912.0
INV2285,2026-08-21,CUST007,PROD010,3,250.0,0.0,Debit Card,Counter_3,750.0
INV2286,2026-08-22,CUST005,PROD006,1,150.0,15.0,UPI,Counter_1,135.0
INV2287,2026-08-22,CUST005,PROD001,3,56.0,0.0,Debit Card,Counter_2,168.0
INV2288,2026-08-22,CUST007,PROD007,2,40.0,8.0,Cash,Counter_3,72.0
INV2289,2026-08-22,CUST008,PROD006,2,150.0,0.0,Debit Card,Counter_2,300.0
INV2290,2026-08-23,CUST010,PROD002,4,260.0,52.0,UPI,Counter_1,988.0
INV2291,2026-08-23,CUST006,PROD006,4,150.0,0.0,Credit Card,Counter_2,600.0
INV2292,2026-08-23,CUST012,PROD009,4,115.0,23.0,UPI,Counter_1,437.0
INV2293,2026-08-23,CUST005,PROD006,1,150.0,15.0,UPI,Counter_1,135.0
INV2294,2026-08-23,CUST005,PROD006,1,150.0,15.0,Cash,Counter_3,135.0
INV2295,2026-08-23,CUST005,PROD010,2,250.0,0.0,UPI,Counter_3,500.0
INV2296,2026-08-23,CUST008,PROD005,3,160.0,24.0,UPI,Counter_3,456.0
INV2297,2026-08-23,CUST010,PROD005,3,160.0,0.0,Cash,Counter_2,480.0
INV2298,2026-08-24,CUST015,PROD009,1,115.0,0.0,Cash,Counter_2,115.0
INV2299,2026-08-24,CUST008,PROD001,3,56.0,8.4,Debit Card,Counter_2,159.6
INV2300,2026-08-24,CUST015,PROD009,4,115.0,23.0,Debit Card,Counter_3,437.0
INV2301,2026-08-24,CUST002,PROD001,4,56.0,11.2,UPI,Counter_3,212.8
INV2302,2026-08-24,CUST009,PROD001,4,56.0,0.0,Credit Card,Counter_2,224.0
INV2303,2026-08-24,CUST011,PROD009,2,115.0,11.5,Credit Card,Counter_3,218.5
INV2304,2026-08-24,CUST001,PROD004,3,25.0,3.75,Cash,Counter_3,71.25
INV2305,2026-08-24,CUST007,PROD009,1,115.0,5.75,Credit Card,Counter_2,109.25
INV2306,2026-08-25,CUST008,PROD006,1,150.0,0.0,Debit Card,Counter_2,150.0
INV2307,2026-08-25,CUST006,PROD009,1,115.0,5.75,Cash,Counter_2,109.25
INV2308,2026-08-25,CUST015,PROD006,2,150.0,30.0,Cash,Counter_3,270.0
INV2309,2026-08-25,CUST005,PROD005,2,160.0,0.0,UPI,Counter_2,320.0
INV2310,2026-08-26,CUST010,PROD007,2,40.0,4.0,UPI,Counter_3,76.0
INV2311,2026-08-26,CUST005,PROD009,4,115.0,0.0,UPI,Counter_3,460.0
INV2312,2026-08-26,CUST011,PROD006,2,150.0,0.0,UPI,Counter_1,300.0
INV2313,2026-08-26,CUST003,PROD003,4,510.0,0.0,Cash,Counter_3,2040.0
INV2314,2026-08-26,CUST007,PROD009,2,115.0,0.0,Credit Card,Counter_3,230.0
INV2315,2026-08-27,CUST012,PROD009,3,115.0,0.0,Credit Card,Counter_1,345.0
INV2316,2026-08-27,CUST010,PROD010,1,250.0,0.0,UPI,Counter_3,250.0
INV2317,2026-08-27,CUST003,PROD002,1,260.0,0.0,UPI,Counter_2,260.0
INV2318,2026-08-27,CUST001,PROD001,4,56.0,0.0,UPI,Counter_1,224.0
INV2319,2026-08-27,CUST012,PROD006,3,150.0,45.0,Debit Card,Counter_3,405.0
INV2320,2026-08-27,CUST014,PROD004,2,25.0,2.5,Debit Card,Counter_2,47.5
INV2321,2026-08-27,CUST009,PROD004,4,25.0,10.0,UPI,Counter_1,90.0
INV2322,2026-08-27,CUST009,PROD007,4,40.0,0.0,Credit Card,Counter_1,160.0
INV2323,2026-08-28,CUST002,PROD010,4,250.0,0.0,UPI,Counter_3,1000.0
INV2324,2026-08-28,CUST001,PROD002,1,260.0,0.0,Debit Card,Counter_2,260.0
INV2325,2026-08-28,CUST014,PROD002,3,260.0,0.0,UPI,Counter_1,780.0
INV2326,2026-08-29,CUST001,PROD004,3,25.0,7.5,UPI,Counter_2,67.5
INV2327,2026-08-29,CUST008,PROD004,4,25.0,10.0,UPI,Counter_3,90.0
INV2328,2026-08-29,CUST012,PROD010,2,250.0,0.0,Cash,Counter_2,500.0
INV2329,2026-08-29,CUST010,PROD004,4,25.0,10.0,UPI,Counter_3,90.0
INV2330,2026-08-29,CUST014,PROD008,4,240.0,0.0,Debit Card,Counter_2,960.0
INV2331,2026-08-29,CUST014,PROD006,2,150.0,0.0,Cash,Counter_1,300.0
INV2332,2026-08-30,CUST006,PROD001,2,56.0,0.0,UPI,Counter_1,112.0
INV2333,2026-08-30,CUST004,PROD005,3,160.0,0.0,Debit Card,Counter_3,480.0
INV2334,2026-08-30,CUST013,PROD002,2,260.0,52.0,Debit Card,Counter_3,468.0
INV2335,2026-08-30,CUST012,PROD008,1,240.0,0.0,Cash,Counter_3,240.0
INV2336,2026-08-31,CUST002,PROD004,4,25.0,10.0,UPI,Counter_1,90.0
INV2337,2026-08-31,CUST008,PROD010,1,250.0,0.0,Cash,Counter_1,250.0
INV2338,2026-08-31,CUST009,PROD002,2,260.0,0.0,UPI,Counter_3,520.0
INV2339,2026-08-31,CUST006,PROD003,3,510.0,76.5,UPI,Counter_2,1453.5
INV2340,2026-08-31,CUST012,PROD006,2,150.0,30.0,Debit Card,Counter_3,270.0
INV2341,2026-08-31,CUST007,PROD006,3,150.0,22.5,UPI,Counter_3,427.5
INV2342,2026-09-01,CUST004,PROD007,1,40.0,0.0,Debit Card,Counter_1,40.0
INV2343,2026-09-01,CUST009,PROD009,2,115.0,11.5,Debit Card,Counter_3,218.5
INV2344,2026-09-01,CUST002,PROD007,4,40.0,16.0,Cash,Counter_2,144.0
INV2345,2026-09-01,CUST006,PROD006,1,150.0,0.0,Credit Card,Counter_3,150.0
INV2346,2026-09-01,CUST012,PROD001,2,56.0,11.2,Cash,Counter_3,100.8
INV2347,2026-09-01,CUST004,PROD008,1,240.0,12.0,Cash,Counter_2,228.0
INV2348,2026-09-02,CUST006,PROD008,2,240.0,24.0,UPI,Counter_3,456.0
INV2349,2026-09-02,CUST002,PROD005,4,160.0,64.0,UPI,Counter_2,576.0
INV2350,2026-09-02,CUST007,PROD001,2,56.0,5.6,Credit Card,Counter_2,106.4
INV2351,2026-09-02,CUST009,PROD001,3,56.0,16.8,Cash,Counter_1,151.2
INV2352,2026-09-02,CUST005,PROD009,2,115.0,11.5,UPI,Counter_3,218.5
INV2353,2026-09-03,CUST005,PROD006,3,150.0,22.5,Credit Card,Counter_2,427.5
INV2354,2026-09-03,CUST013,PROD006,2,150.0,0.0,Credit Card,Counter_3,300.0
INV2355,2026-09-03,CUST009,PROD007,4,40.0,0.0,UPI,Counter_3,160.0
INV2356,2026-09-03,CUST013,PROD001,4,56.0,0.0,UPI,Counter_1,224.0
INV2357,2026-09-03,CUST013,PROD002,3,260.0,0.0,Cash,Counter_2,780.0
INV2358,2026-09-03,CUST006,PROD008,2,240.0,0.0,UPI,Counter_1,480.0
INV2359,2026-09-03,CUST003,PROD009,2,115.0,0.0,Cash,Counter_1,230.0
INV2360,2026-09-03,CUST008,PROD002,3,260.0,78.0,UPI,Counter_1,702.0
INV2361,2026-09-04,CUST005,PROD001,3,56.0,16.8,Debit Card,Counter_1,151.2
INV2362,2026-09-04,CUST008,PROD005,3,160.0,0.0,UPI,Counter_2,480.0
INV2363,2026-09-04,CUST009,PROD006,3,150.0,22.5,UPI,Counter_2,427.5
INV2364,2026-09-04,CUST008,PROD003,4,510.0,0.0,UPI,Counter_1,2040.0
INV2365,2026-09-04,CUST012,PROD007,1,40.0,0.0,Cash,Counter_1,40.0
INV2366,2026-09-05,CUST006,PROD001,1,56.0,0.0,UPI,Counter_1,56.0
INV2367,2026-09-05,CUST013,PROD006,4,150.0,60.0,Cash,Counter_1,540.0
INV2368,2026-09-05,CUST013,PROD006,4,150.0,0.0,Credit Card,Counter_3,600.0
INV2369,2026-09-05,CUST002,PROD007,2,40.0,4.0,Debit Card,Counter_3,76.0
INV2370,2026-09-05,CUST013,PROD009,1,115.0,5.75,UPI,Counter_3,109.25
INV2371,2026-09-05,CUST006,PROD001,2,56.0,11.2,Debit Card,Counter_2,100.8
INV2372,2026-09-05,CUST014,PROD008,3,240.0,0.0,Debit Card,Counter_3,720.0
INV2373,2026-09-06,CUST012,PROD010,4,250.0,0.0,UPI,Counter_1,1000.0
INV2374,2026-09-06,CUST004,PROD006,2,150.0,0.0,Debit Card,Counter_3,300.0
INV2375,2026-09-06,CUST002,PROD005,2,160.0,0.0,UPI,Counter_3,320.0
INV2376,2026-09-06,CUST013,PROD002,3,260.0,39.0,Debit Card,Counter_2,741.0
INV2377,2026-09-06,CUST002,PROD004,4,25.0,5.0,UPI,Counter_1,95.0
INV2378,2026-09-06,CUST003,PROD003,1,510.0,0.0,UPI,Counter_2,510.0
INV2379,2026-09-07,CUST004,PROD002,4,260.0,0.0,Debit Card,Counter_2,1040.0
INV2380,2026-09-07,CUST010,PROD009,1,115.0,0.0,UPI,Counter_3,115.0
INV2381,2026-09-07,CUST012,PROD006,3,150.0,0.0,Cash,Counter_2,450.0
INV2382,2026-09-07,CUST011,PROD001,3,56.0,0.0,UPI,Counter_1,168.0
INV2383,2026-09-07,CUST005,PROD009,2,115.0,0.0,Cash,Counter_2,230.0
INV2384,2026-09-07,CUST005,PROD004,3,25.0,3.75,Debit Card,Counter_3,71.25
INV2385,2026-09-07,CUST010,PROD003,3,510.0,153.0,Cash,Counter_3,1377.0
INV2386,2026-09-07,CUST006,PROD010,3,250.0,75.0,UPI,Counter_2,675.0
INV2387,2026-09-08,CUST001,PROD002,4,260.0,0.0,Debit Card,Counter_2,1040.0
INV2388,2026-09-08,CUST004,PROD010,3,250.0,75.0,UPI,Counter_3,675.0
INV2389,2026-09-08,CUST012,PROD007,3,40.0,6.0,Credit Card,Counter_3,114.0
INV2390,2026-09-08,CUST003,PROD003,3,510.0,76.5,Debit Card,Counter_1,1453.5
INV2391,2026-09-08,CUST003,PROD004,2,25.0,0.0,Cash,Counter_1,50.0
INV2392,2026-09-08,CUST010,PROD002,3,260.0,39.0,UPI,Counter_3,741.0
INV2393,2026-09-09,CUST009,PROD008,4,240.0,96.0,Credit Card,Counter_2,864.0
INV2394,2026-09-09,CUST002,PROD003,2,510.0,51.0,UPI,Counter_3,969.0
INV2395,2026-09-09,CUST002,PROD006,2,150.0,30.0,UPI,Counter_2,270.0
INV2396,2026-09-10,CUST002,PROD006,2,150.0,15.0,UPI,Counter_1,285.0
INV2397,2026-09-10,CUST012,PROD006,1,150.0,15.0,Cash,Counter_2,135.0
INV2398,2026-09-10,CUST010,PROD005,1,160.0,8.0,Credit Card,Counter_1,152.0
INV2399,2026-09-10,CUST014,PROD001,4,56.0,11.2,Credit Card,Counter_1,212.8
INV2400,2026-09-10,CUST009,PROD010,2,250.0,50.0,UPI,Counter_1,450.0
INV2401,2026-09-10,CUST015,PROD008,4,240.0,0.0,Cash,Counter_3,960.0
INV2402,2026-09-11,CUST004,PROD002,2,260.0,26.0,Cash,Counter_2,494.0
INV2403,2026-09-11,CUST007,PROD008,3,240.0,36.0,UPI,Counter_3,684.0
INV2404,2026-09-11,CUST014,PROD004,4,25.0,0.0,UPI,Counter_1,100.0
INV2405,2026-09-11,CUST009,PROD008,3,240.0,72.0,Cash,Counter_3,648.0
INV2406,2026-09-11,CUST006,PROD006,2,150.0,15.0,Cash,Counter_2,285.0
INV2407,2026-09-11,CUST003,PROD006,4,150.0,0.0,Cash,Counter_2,600.0
INV2408,2026-09-11,CUST003,PROD009,1,115.0,0.0,Cash,Counter_1,115.0
INV2409,2026-09-12,CUST003,PROD010,4,250.0,100.0,Credit Card,Counter_3,900.0
INV2410,2026-09-12,CUST010,PROD001,2,56.0,11.2,Cash,Counter_3,100.8
INV2411,2026-09-12,CUST001,PROD002,3,260.0,78.0,UPI,Counter_2,702.0
INV2412,2026-09-12,CUST015,PROD005,4,160.0,0.0,Cash,Counter_1,640.0
INV2413,2026-09-12,CUST015,PROD004,4,25.0,5.0,UPI,Counter_2,95.0
INV2414,2026-09-12,CUST010,PROD008,1,240.0,24.0,Debit Card,Counter_1,216.0
INV2415,2026-09-12,CUST010,PROD009,1,115.0,11.5,Cash,Counter_2,103.5
INV2416,2026-09-13,CUST002,PROD005,2,160.0,32.0,Cash,Counter_2,288.0
INV2417,2026-09-13,CUST013,PROD008,4,240.0,0.0,Cash,Counter_3,960.0
INV2418,2026-09-13,CUST013,PROD004,4,25.0,0.0,Debit Card,Counter_1,100.0
INV2419,2026-09-13,CUST013,PROD002,1,260.0,0.0,UPI,Counter_2,260.0
INV2420,2026-09-13,CUST003,PROD006,2,150.0,30.0,Debit Card,Counter_3,270.0
INV2421,2026-09-13,CUST015,PROD005,2,160.0,16.0,Credit Card,Counter_3,304.0
INV2422,2026-09-14,CUST007,PROD004,4,25.0,0.0,UPI,Counter_3,100.0
INV2423,2026-09-14,CUST011,PROD009,4,115.0,0.0,Credit Card,Counter_3,460.0
INV2424,2026-09-14,CUST001,PROD006,2,150.0,0.0,Credit Card,Counter_2,300.0
INV2425,2026-09-14,CUST008,PROD008,4,240.0,0.0,Credit Card,Counter_2,960.0
INV2426,2026-09-14,CUST015,PROD004,1,25.0,0.0,UPI,Counter_2,25.0
INV2427,2026-09-14,CUST005,PROD001,2,56.0,0.0,UPI,Counter_2,112.0
INV2428,2026-09-15,CUST013,PROD008,2,240.0,24.0,UPI,Counter_2,456.0
INV2429,2026-09-15,CUST015,PROD010,1,250.0,12.5,Credit Card,Counter_2,237.5
INV2430,2026-09-15,CUST015,PROD006,3,150.0,0.0,Cash,Counter_2,450.0
INV2431,2026-09-15,CUST011,PROD008,1,240.0,12.0,Cash,Counter_3,228.0
INV2432,2026-09-15,CUST001,PROD010,4,250.0,100.0,Debit Card,Counter_2,900.0
INV2433,2026-09-15,CUST007,PROD010,2,250.0,0.0,Cash,Counter_1,500.0
INV2434,2026-09-15,CUST001,PROD008,2,240.0,0.0,Debit Card,Counter_1,480.0
INV2435,2026-09-16,CUST007,PROD009,2,115.0,23.0,Cash,Counter_3,207.0
INV2436,2026-09-16,CUST006,PROD009,4,115.0,23.0,UPI,Counter_3,437.0
INV2437,2026-09-16,CUST003,PROD007,2,40.0,8.0,UPI,Counter_2,72.0
INV2438,2026-09-16,CUST013,PROD003,2,510.0,102.0,Cash,Counter_3,918.0
INV2439,2026-09-16,CUST003,PROD010,2,250.0,0.0,Debit Card,Counter_1,500.0
INV2440,2026-09-17,CUST005,PROD004,2,25.0,5.0,Credit Card,Counter_2,45.0
INV2441,2026-09-17,CUST013,PROD003,2,510.0,102.0,UPI,Counter_1,918.0
INV2442,2026-09-17,CUST007,PROD004,1,25.0,0.0,Debit Card,Counter_3,25.0
INV2443,2026-09-17,CUST006,PROD001,2,56.0,0.0,UPI,Counter_1,112.0
INV2444,2026-09-18,CUST013,PROD004,4,25.0,0.0,Cash,Counter_2,100.0
INV2445,2026-09-18,CUST008,PROD007,1,40.0,2.0,Cash,Counter_1,38.0
INV2446,2026-09-18,CUST015,PROD008,2,240.0,0.0,UPI,Counter_2,480.0
INV2447,2026-09-18,CUST002,PROD006,1,150.0,0.0,UPI,Counter_3,150.0
INV2448,2026-09-19,CUST002,PROD005,1,160.0,8.0,Debit Card,Counter_2,152.0
INV2449,2026-09-19,CUST002,PROD005,4,160.0,0.0,Debit Card,Counter_3,640.0
INV2450,2026-09-19,CUST007,PROD002,2,260.0,0.0,Credit Card,Counter_3,520.0
INV2451,2026-09-20,CUST010,PROD003,1,510.0,25.5,Cash,Counter_3,484.5
INV2452,2026-09-20,CUST001,PROD003,1,510.0,0.0,Credit Card,Counter_1,510.0
INV2453,2026-09-20,CUST010,PROD010,4,250.0,50.0,Cash,Counter_1,950.0
INV2454,2026-09-21,CUST013,PROD008,2,240.0,0.0,Cash,Counter_3,480.0
INV2455,2026-09-21,CUST008,PROD007,1,40.0,2.0,UPI,Counter_2,38.0
INV2456,2026-09-21,CUST008,PROD003,4,510.0,102.0,Credit Card,Counter_3,1938.0
INV2457,2026-09-21,CUST011,PROD010,1,250.0,0.0,UPI,Counter_2,250.0
INV2458,2026-09-22,CUST015,PROD005,4,160.0,0.0,Credit Card,Counter_3,640.0
INV2459,2026-09-22,CUST012,PROD004,2,25.0,2.5,Debit Card,Counter_3,47.5
INV2460,2026-09-22,CUST003,PROD005,2,160.0,16.0,UPI,Counter_3,304.0
INV2461,2026-09-22,CUST009,PROD004,1,25.0,0.0,Cash,Counter_2,25.0
INV2462,2026-09-22,CUST008,PROD006,1,150.0,0.0,Credit Card,Counter_3,150.0
INV2463,2026-09-22,CUST012,PROD009,4,115.0,0.0,UPI,Counter_1,460.0
INV2464,2026-09-22,CUST015,PROD007,3,40.0,0.0,UPI,Counter_2,120.0
INV2465,2026-09-23,CUST009,PROD001,2,56.0,0.0,UPI,Counter_1,112.0
INV2466,2026-09-23,CUST012,PROD004,1,25.0,0.0,UPI,Counter_2,25.0
INV2467,2026-09-23,CUST009,PROD004,3,25.0,7.5,Credit Card,Counter_3,67.5
INV2468,2026-09-23,CUST001,PROD007,2,40.0,0.0,UPI,Counter_1,80.0
INV2469,2026-09-23,CUST012,PROD010,2,250.0,50.0,UPI,Counter_3,450.0
INV2470,2026-09-23,CUST001,PROD001,3,56.0,8.4,Cash,Counter_3,159.6
INV2471,2026-09-23,CUST007,PROD010,2,250.0,0.0,Debit Card,Counter_2,500.0
INV2472,2026-09-24,CUST002,PROD006,4,150.0,30.0,UPI,Counter_2,570.0
INV2473,2026-09-24,CUST015,PROD002,2,260.0,26.0,Credit Card,Counter_1,494.0
INV2474,2026-09-24,CUST008,PROD002,1,260.0,13.0,UPI,Counter_3,247.0
INV2475,2026-09-24,CUST009,PROD010,1,250.0,25.0,Cash,Counter_1,225.0
INV2476,2026-09-25,CUST004,PROD009,3,115.0,17.25,UPI,Counter_2,327.75
INV2477,2026-09-25,CUST008,PROD007,3,40.0,12.0,Cash,Counter_1,108.0
INV2478,2026-09-25,CUST015,PROD001,4,56.0,0.0,Debit Card,Counter_3,224.0
INV2479,2026-09-25,CUST002,PROD003,4,510.0,204.0,UPI,Counter_1,1836.0
INV2480,2026-09-25,CUST010,PROD008,2,240.0,24.0,Credit Card,Counter_2,456.0
INV2481,2026-09-25,CUST007,PROD004,2,25.0,5.0,Credit Card,Counter_2,45.0
INV2482,2026-09-26,CUST012,PROD006,3,150.0,0.0,UPI,Counter_2,450.0
INV2483,2026-09-26,CUST007,PROD003,3,510.0,0.0,Credit Card,Counter_2,1530.0
INV2484,2026-09-26,CUST011,PROD010,1,250.0,12.5,Credit Card,Counter_3,237.5
INV2485,2026-09-26,CUST008,PROD009,2,115.0,0.0,UPI,Counter_3,230.0
INV2486,2026-09-27,CUST008,PROD008,1,240.0,0.0,UPI,Counter_1,240.0
INV2487,2026-09-27,CUST014,PROD004,2,25.0,0.0,UPI,Counter_3,50.0
INV2488,2026-09-27,CUST015,PROD007,4,40.0,8.0,UPI,Counter_1,152.0
INV2489,2026-09-27,CUST008,PROD005,3,160.0,0.0,UPI,Counter_1,480.0
INV2490,2026-09-27,CUST003,PROD003,1,510.0,51.0,UPI,Counter_3,459.0
INV2491,2026-09-27,CUST005,PROD003,2,510.0,0.0,UPI,Counter_1,1020.0
INV2492,2026-09-27,CUST011,PROD007,2,40.0,0.0,UPI,Counter_2,80.0
INV2493,2026-09-27,CUST002,PROD002,3,260.0,0.0,UPI,Counter_1,780.0
INV2494,2026-09-28,CUST009,PROD001,2,56.0,0.0,Credit Card,Counter_1,112.0
INV2495,2026-09-28,CUST009,PROD004,2,25.0,5.0,Cash,Counter_3,45.0
INV2496,2026-09-28,CUST002,PROD010,1,250.0,0.0,UPI,Counter_2,250.0
INV2497,2026-09-28,CUST004,PROD001,3,56.0,0.0,Cash,Counter_2,168.0
INV2498,2026-09-28,CUST015,PROD003,4,510.0,102.0,Cash,Counter_3,1938.0
INV2499,2026-09-28,CUST008,PROD007,3,40.0,12.0,Cash,Counter_1,108.0
INV2500,2026-09-29,CUST009,PROD006,1,150.0,0.0,UPI,Counter_3,150.0
INV2501,2026-09-29,CUST002,PROD006,4,150.0,0.0,Credit Card,Counter_2,600.0
INV2502,2026-09-29,CUST010,PROD009,1,115.0,5.75,UPI,Counter_2,109.25
INV2503,2026-09-29,CUST003,PROD010,1,250.0,0.0,UPI,Counter_2,250.0
INV2504,2026-09-29,CUST010,PROD006,4,150.0,0.0,Cash,Counter_3,600.0
INV2505,2026-09-30,CUST012,PROD001,1,56.0,5.6,Debit Card,Counter_2,50.4
INV2506,2026-09-30,CUST003,PROD002,2,260.0,52.0,UPI,Counter_1,468.0
INV2507,2026-09-30,CUST005,PROD004,4,25.0,0.0,UPI,Counter_1,100.0
